,Class,C1,C2,C3,C4,C5,C6,C7,C8,C9,C13,C14,C16,C18,C19,C20,C21,C22,C23,C24,C27,C28,C29
0,1.0,53,yes,V5,11.0,V2,V1,V1,V3,7865,V3,V4,30964,V1,3824,4,V2,V2,1,V3,4,V3,1.0
1,0.0,35,yes,V3,11.0,V7,V1,V1,V1,3904,V3,V3,157435,V1,5160,2,V4,V1,2,V1,2,V3,2.0
2,1.0,40,yes,V5,18.0,V2,V1,V2,V3,4296,V3,V4,21999,V1,3720,3,V3,V2,1,V2,4,V1,1.0
3,0.0,28,yes,V3,14.0,V7,V1,V1,V4,1402,V3,V3,56353,V1,6245,4,V2,V1,1,V1,2,V2,1.0
4,0.0,40,yes,V3,11.0,V1,V1,V4,V1,1503,V3,V3,6160,V1,5496,4,V3,V1,1,V1,4,V4,1.0
5,0.0,25,yes,V2,11.0,V3,V1,V2,V1,624,V1,V2,13282,V3,4030,1,V2,V1,1,V2,4,V4,1.0
6,0.0,61,yes,V3,6.0,V4,V3,V4,V1,1337,V3,V3,58376,V1,4304,4,V2,V1,1,V2,1,V1,1.0
7,1.0,24,yes,V2,12.0,V2,V1,V2,V2,2968,V3,V3,69444,V1,5968,3,V5,V1,2,V1,4,V2,1.0
8,0.0,25,yes,V3,11.0,V2,V1,V4,V1,762,V3,V3,25653,V1,7189,1,V2,V2,1,V2,4,V2,1.0
9,0.0,44,yes,V5,36.0,V7,V1,V4,V4,10874,V3,V3,13784,V1,4399,2,V3,V2,2,V2,2,V3,2.0
10,1.0,22,yes,V2,35.0,V2,V1,V4,V2,7126,V3,V3,14286,V1,4604,4,V4,V2,2,V1,2,V2,1.0
11,0.0,28,no,V2,3.0,V7,V5,V3,V1,1494,V3,V2,71205,V1,4455,2,V2,V1,1,V2,1,V3,2.0
12,0.0,34,yes,V4,24.0,V1,V1,V1,V3,2909,V3,V4,65624,V1,5282,1,V2,V2,1,V3,2,V3,1.0
13,1.0,42,yes,V1,23.0,V7,V1,V1,V1,1333,V3,V3,84336,V1,4716,2,V3,V1,2,V3,4,V3,2.0
14,0.0,27,yes,V4,18.0,V7,V1,V2,V1,6259,V3,V2,21540,V1,5431,3,V2,V1,1,V1,3,V3,1.0
15,1.0,22,yes,V2,17.0,V7,V1,V1,V4,1216,V3,V3,77130,V1,5046,3,V2,V2,1,V1,4,V2,1.0
16,0.0,30,yes,V3,14.0,V3,V1,V4,V2,1360,V3,V3,11610,V1,4883,2,V4,V1,2,V2,4,V3,1.0
17,1.0,25,yes,V3,36.0,V7,V1,V4,V1,7855,V2,V3,120231,V1,3446,2,V4,V2,2,V2,4,V2,1.0
18,0.0,39,yes,V5,12.0,V7,V1,V4,V4,1883,V3,V4,26599,V1,7295,4,V2,V2,1,V2,4,V3,1.0
19,0.0,34,yes,V5,11.0,V3,V3,V1,V1,1679,V3,V3,48638,V1,4098,1,V2,V1,1,V2,3,V4,1.0
20,0.0,50,yes,V5,24.0,V2,V1,V3,V3,2891,V3,V3,52442,V1,4763,4,V2,V1,1,V3,3,V1,1.0
21,1.0,34,yes,V5,9.0,V6,V1,V2,V4,1500,V3,V4,13527,V1,5235,3,V4,V2,2,V2,2,V2,1.0
22,1.0,22,yes,V2,8.0,V3,V1,V1,V2,1366,V3,V3,18672,V1,5651,4,V2,V1,1,V1,3,V2,1.0
23,1.0,29,yes,V5,44.0,V9,V1,V1,V4,11815,V3,V3,44304,V1,4794,4,V5,V1,2,V1,2,V3,1.0
24,0.0,45,yes,V2,7.0,V3,V1,V2,V1,2329,V3,V3,86943,V3,5990,1,V2,V1,1,V2,1,V2,1.0
25,0.0,63,yes,V5,12.0,V3,V1,V4,V1,1654,V3,V2,5513,V1,5115,4,V4,V2,2,V2,2,V3,1.0
26,1.0,61,yes,V5,21.0,V9,V2,V2,V4,2766,V1,V2,25852,V1,4901,2,V2,V1,2,V1,4,V1,1.0
27,0.0,24,yes,V3,11.0,V3,V1,V3,V4,3015,V3,V3,72796,V1,4431,1,V2,V1,1,V2,3,V4,1.0
28,0.0,47,yes,V3,21.0,V7,V1,V2,V2,2352,V3,V3,58473,V1,5017,4,V3,V1,2,V2,1,V1,1.0
29,0.0,23,yes,V3,17.0,V9,V2,V4,V2,1568,V3,V2,21116,V1,6051,4,V2,V1,1,V1,3,V2,1.0
30,0.0,31,yes,V5,35.0,V3,V1,V3,V4,4473,V3,V3,9864,V1,5189,2,V2,V1,1,V2,4,V3,1.0
31,0.0,36,yes,V5,23.0,V7,V4,V4,V1,1286,V3,V3,13829,V1,6483,4,V4,V2,2,V2,4,V2,1.0
32,0.0,22,yes,V2,15.0,V6,V1,V3,V2,392,V3,V3,44270,V1,4847,4,V2,V2,1,V1,4,V2,1.0
33,0.0,26,yes,V5,23.0,V3,V3,V4,V4,3234,V3,V4,35839,V1,4394,2,V2,V2,1,V2,3,V1,1.0
34,1.0,29,yes,V3,8.0,V2,V1,V2,V2,917,V3,V3,14700,V1,6163,1,V2,V1,1,V2,4,V2,1.0
35,1.0,26,yes,V1,36.0,V2,V1,V4,V4,10973,V3,V4,93720,V1,3086,2,V2,V2,2,V2,4,V2,1.0
36,0.0,35,yes,V5,9.0,V3,V2,V4,V4,2753,V3,V3,24571,V2,6152,4,V2,V2,1,V2,3,V3,1.0
37,0.0,21,yes,V2,18.0,V2,V1,V1,V2,1049,V3,V3,35830,V1,3619,4,V4,V1,1,V1,4,V2,1.0
38,1.0,44,yes,V5,24.0,V1,V1,V2,V3,12579,V3,V4,26939,V1,4877,2,V2,V2,1,V3,4,V2,1.0
39,1.0,26,yes,V2,36.0,V9,V5,V4,V4,7980,V3,V3,30715,V1,5647,4,V3,V2,2,V1,4,V3,1.0
40,0.0,40,yes,V4,23.0,V2,V1,V4,V2,1585,V3,V3,75487,V1,4348,3,V4,V1,2,V2,4,V3,1.0
41,0.0,35,yes,V3,12.0,V3,V1,V4,V2,1290,V3,V3,15657,V1,4766,2,V4,V1,2,V2,4,V2,1.0
42,0.0,38,yes,V5,48.0,V1,V5,V4,V4,2751,V3,V3,25456,V1,5602,3,V4,V2,2,V2,4,V3,2.0
43,0.0,45,no,V5,10.0,V7,V5,V4,V2,1286,V3,V2,41237,V2,4548,2,V2,V1,1,V2,4,V3,1.0
44,0.0,27,yes,V3,5.0,V3,V2,V4,V2,1236,V3,V3,83479,V1,3964,1,V4,V1,2,V2,1,V2,1.0
45,1.0,28,yes,V3,36.0,V6,V1,V1,V2,6886,V2,V3,20585,V1,6543,3,V3,V2,1,V2,4,V3,1.0
46,0.0,22,yes,V2,5.0,V5,V1,V2,V2,454,V3,V2,44288,V1,6501,1,V2,V1,1,V2,3,V4,1.0
47,0.0,30,yes,V5,24.0,V2,V2,V2,V3,3069,V3,V3,58484,V1,4557,4,V2,V1,1,V3,4,V3,1.0
48,0.0,47,no,V2,9.0,V7,V1,V1,V1,2241,V3,V2,30567,V1,5050,3,V4,V1,2,V1,1,V3,2.0
49,0.0,60,yes,V5,23.0,V7,V1,V4,V3,2032,V3,V3,17024,V1,4633,4,V3,V2,2,V3,4,V3,1.0
50,0.0,43,yes,V1,35.0,V10,V1,V1,V4,15857,V3,V4,20409,V2,4926,3,V2,V1,1,V2,2,V1,1.0
51,1.0,28,yes,V3,23.0,V10,V1,V2,V4,11328,V1,V4,29533,V2,4593,3,V2,V2,2,V2,2,V3,1.0
52,0.0,28,yes,V3,19.0,V10,V1,V2,V4,2628,V1,V3,12073,V1,3935,3,V3,V2,2,V2,2,V3,1.0
53,0.0,21,yes,V3,15.0,V9,V1,V1,V2,805,V3,V2,17660,V1,4650,4,V2,V1,1,V2,4,V2,1.0
54,1.0,20,yes,V3,11.0,V2,V1,V1,V4,1281,V3,V3,50353,V1,5665,4,V2,V1,1,V1,2,V2,1.0
55,0.0,30,no,V3,10.0,V7,V1,V4,V1,1545,V3,V2,37041,V1,4287,2,V2,V1,1,V2,3,V3,2.0
56,0.0,36,yes,V3,23.0,V9,V5,V2,V2,4712,V1,V4,36005,V1,6377,2,V3,V2,2,V2,4,V3,1.0
57,0.0,21,yes,V2,9.0,V2,V2,V4,V2,2300,V3,V3,23652,V1,4735,4,V2,V1,1,V1,2,V2,1.0
58,1.0,26,yes,V3,10.0,V7,V5,V4,V2,1309,V3,V2,27483,V3,5601,4,V2,V1,1,V2,4,V3,1.0
59,0.0,32,yes,V4,14.0,V1,V1,V4,V4,3028,V3,V3,11271,V1,5433,2,V2,V1,1,V2,2,V3,1.0
60,0.0,48,no,V5,8.0,V5,V2,V1,V1,1288,V3,V3,51420,V3,6354,4,V4,V1,2,V2,3,V3,2.0
61,0.0,36,yes,V3,11.0,V7,V1,V3,V4,2246,V2,V3,42994,V1,4611,2,V3,V2,2,V2,2,V2,1.0
62,1.0,24,yes,V4,35.0,V9,V1,V1,V4,2144,V3,V3,36722,V1,3936,1,V3,V2,2,V2,2,V3,1.0
63,0.0,29,yes,V3,8.0,V7,V1,V4,V1,1224,V3,V3,20508,V1,5129,1,V4,V1,2,V2,3,V3,1.0
64,0.0,40,yes,V3,11.0,V7,V4,V2,V4,1321,V3,V3,32606,V1,5644,4,V4,V1,2,V2,4,V2,1.0
65,1.0,36,yes,V3,12.0,V2,V1,V2,V2,1921,V3,V2,37363,V1,6296,2,V2,V1,1,V2,4,V3,1.0
66,0.0,63,yes,V1,13.0,V3,V2,V4,V1,1408,V3,V3,27495,V1,4124,4,V2,V1,1,V2,2,V2,1.0
67,0.0,22,yes,V1,14.0,V7,V1,V1,V4,2511,V3,V3,78144,V1,5681,4,V2,V1,1,V1,1,V2,1.0
68,0.0,29,yes,V5,5.0,V3,V1,V4,V1,1740,V3,V3,54827,V1,5029,2,V4,V1,2,V1,2,V4,1.0
69,1.0,21,yes,V2,9.0,V3,V1,V2,V4,1669,V3,V3,35407,V1,4030,2,V2,V2,1,V2,4,V2,1.0
70,1.0,34,yes,V4,24.0,V6,V1,V2,V3,1837,V1,V2,12223,V1,5692,4,V1,V1,1,V3,4,V2,1.0
71,0.0,37,yes,V2,24.0,V3,V1,V4,V4,1533,V2,V3,26329,V1,5365,3,V2,V2,1,V2,4,V2,1.0
72,0.0,26,yes,V4,47.0,V1,V1,V1,V2,4788,V3,V3,10633,V1,5276,3,V2,V1,1,V2,4,V3,2.0
73,0.0,33,yes,V2,24.0,V7,V2,V4,V1,1474,V3,V3,30375,V1,5306,3,V2,V2,1,V2,4,V4,1.0
74,0.0,41,yes,V5,17.0,V2,V1,V2,V3,6360,V3,V3,43485,V1,4007,1,V4,V2,1,V2,2,V3,1.0
75,1.0,21,yes,V1,17.0,V3,V1,V4,V1,433,V3,V3,66099,V2,4607,4,V2,V1,1,V1,3,V2,1.0
76,0.0,41,yes,V4,47.0,V3,V5,V2,V4,3978,V3,V3,23507,V1,4820,1,V2,V2,2,V2,4,V3,2.0
77,0.0,25,yes,V3,21.0,V1,V5,V4,V4,5248,V3,V3,15145,V1,3790,3,V2,V1,1,V2,1,V3,1.0
78,1.0,25,yes,V3,12.0,V3,V5,V2,V1,1484,V3,V3,29475,V1,5254,1,V2,V2,1,V2,2,V4,1.0
79,0.0,50,yes,V5,9.0,V7,V3,V4,V3,2506,V3,V2,25754,V1,4336,4,V2,V1,1,V3,2,V3,1.0
80,0.0,31,yes,V3,23.0,V7,V1,V4,V1,1393,V3,V3,7369,V3,5325,2,V2,V2,1,V2,2,V3,1.0
81,0.0,36,yes,V3,42.0,V2,V3,V4,V1,4041,V3,V3,21522,V1,3406,4,V4,V2,2,V2,4,V3,1.0
82,0.0,64,yes,V5,23.0,V3,V1,V1,V1,2383,V1,V2,47134,V1,7609,4,V2,V1,1,V1,4,V3,1.0
83,0.0,23,yes,V4,24.0,V1,V2,V4,V4,3488,V3,V3,18843,V1,4553,4,V2,V1,1,V2,3,V2,1.0
84,0.0,26,yes,V2,24.0,V3,V1,V4,V2,3180,V3,V3,32839,V1,5283,4,V2,V2,1,V2,4,V2,1.0
85,0.0,41,yes,V3,6.0,V2,V1,V3,V1,2115,V3,V3,23417,V1,4264,2,V2,V2,1,V2,2,V3,1.0
86,0.0,46,yes,V2,14.0,V1,V1,V4,V2,3593,V3,V2,6515,V1,4659,2,V3,V1,2,V2,1,V2,1.0
87,0.0,29,yes,V5,36.0,V7,V2,V2,V3,2861,V3,V3,96344,V1,6482,3,V3,V1,1,V3,4,V3,1.0
88,0.0,35,yes,V3,36.0,V1,V1,V2,V4,6948,V3,V4,66069,V1,4045,2,V2,V2,1,V1,2,V3,1.0
89,0.0,51,yes,V4,12.0,V7,V2,V4,V4,681,V3,V3,16274,V1,3992,3,V4,V2,2,V2,4,V2,1.0
90,0.0,22,yes,V3,23.0,V2,V3,V1,V1,2828,V2,V3,74933,V1,6647,4,V1,V2,1,V2,4,V3,1.0
91,1.0,32,yes,V2,5.0,V2,V1,V4,V2,4611,V3,V3,8073,V1,4324,4,V2,V1,1,V2,1,V2,1.0
92,0.0,28,yes,V4,42.0,V3,V5,V4,V2,7165,V3,V3,80575,V1,5216,4,V2,V2,1,V1,2,V4,1.0
93,0.0,32,yes,V2,12.0,V2,V1,V3,V2,1473,V1,V4,27384,V1,4729,1,V2,V2,1,V2,4,V2,1.0
94,0.0,40,yes,V1,47.0,V10,V5,V2,V3,5381,V1,V1,53428,V1,5026,4,V2,V2,1,V3,3,V3,1.0
95,0.0,38,yes,V4,19.0,V2,V5,V1,V4,2211,V3,V3,29696,V1,4323,4,V2,V2,1,V2,4,V3,1.0
96,1.0,28,yes,V2,17.0,V7,V2,V2,V4,2278,V3,V3,41123,V1,4721,3,V5,V1,2,V2,3,V2,1.0
97,0.0,41,yes,V2,5.0,V7,V1,V1,V1,661,V3,V2,89878,V1,4398,4,V2,V2,1,V2,3,V3,2.0
98,0.0,39,yes,V5,6.0,V3,V1,V4,V4,425,V3,V2,10372,V1,4977,4,V5,V1,1,V2,4,V4,1.0
99,0.0,28,yes,V5,35.0,V3,V1,V4,V4,3594,V3,V3,81417,V1,5358,2,V2,V1,1,V2,4,V3,1.0
100,0.0,46,yes,V5,15.0,V3,V3,V4,V2,1213,V2,V3,10406,V1,5319,3,V2,V2,1,V2,4,V3,1.0
101,0.0,22,yes,V3,11.0,V3,V1,V1,V4,1497,V1,V3,9534,V1,5031,1,V2,V1,1,V2,4,V2,1.0
102,0.0,43,yes,V3,12.0,V7,V1,V1,V1,1343,V3,V2,17343,V1,6079,2,V3,V1,2,V2,4,V3,2.0
103,1.0,53,yes,V3,47.0,V4,V1,V1,V4,3050,V3,V3,63706,V1,5212,4,V2,V1,1,V2,3,V3,1.0
104,0.0,43,yes,V2,6.0,V7,V5,V1,V1,4716,V3,V2,26694,V1,4419,3,V4,V1,2,V2,1,V3,2.0
105,0.0,25,yes,V2,23.0,V3,V5,V4,V4,3104,V3,V3,37871,V1,3708,2,V2,V1,2,V2,4,V3,1.0
106,0.0,24,yes,V2,18.0,V3,V3,V2,V1,3213,V3,V3,25618,V1,4397,3,V2,V1,1,V1,1,V4,1.0
107,1.0,24,yes,V4,12.0,V7,V1,V2,V4,684,V1,V2,15099,V1,5265,3,V2,V1,1,V2,2,V4,1.0
108,0.0,32,yes,V5,18.0,V3,V1,V2,V1,1300,V3,V2,24057,V3,4466,2,V2,V1,1,V2,4,V4,1.0
109,1.0,48,yes,V4,30.0,V2,V1,V2,V2,8385,V3,V3,9124,V1,5951,2,V4,V1,1,V2,2,V3,1.0
110,1.0,23,yes,V2,23.0,V7,V1,V1,V2,1206,V3,V3,87910,V1,5633,4,V2,V1,1,V1,4,V2,1.0
111,1.0,31,yes,V3,35.0,V3,V1,V1,V4,2301,V3,V3,127113,V1,3351,4,V2,V1,1,V1,4,V1,1.0
112,0.0,48,yes,V3,48.0,V9,V5,V2,V4,12204,V1,V4,18137,V1,7453,2,V5,V2,1,V2,2,V3,1.0
113,0.0,50,yes,V3,6.0,V6,V1,V3,V2,1047,V3,V2,6507,V1,4654,4,V4,V1,1,V2,2,V2,1.0
114,1.0,58,yes,V5,47.0,V9,V1,V2,V3,6415,V3,V3,57145,V1,3830,3,V1,V1,1,V1,4,V2,1.0
115,0.0,22,yes,V5,17.0,V7,V1,V3,V4,1961,V3,V4,49482,V1,6458,2,V2,V1,1,V2,3,V2,1.0
116,0.0,22,yes,V4,12.0,V5,V5,V4,V1,996,V3,V3,47177,V1,6260,4,V4,V1,2,V2,4,V2,1.0
117,0.0,33,yes,V5,23.0,V3,V4,V4,V4,2578,V3,V3,58320,V1,5699,2,V4,V1,1,V2,2,V3,1.0
118,0.0,37,yes,V5,17.0,V2,V1,V2,V2,3611,V3,V3,23940,V1,5822,4,V4,V2,1,V2,3,V2,1.0
119,0.0,27,yes,V4,17.0,V1,V1,V4,V4,3850,V3,V3,16380,V1,3688,1,V4,V1,2,V2,3,V3,1.0
120,0.0,35,yes,V5,21.0,V1,V1,V4,V4,3275,V3,V4,53931,V1,4849,4,V4,V2,1,V2,1,V3,1.0
121,0.0,61,yes,V5,11.0,V7,V1,V4,V1,1254,V3,V2,50729,V1,3638,4,V4,V1,2,V2,4,V3,1.0
122,0.0,62,yes,V5,60.0,V7,V5,V4,V3,13756,V1,V4,29056,V1,3004,4,V4,V2,1,V3,2,V3,1.0
123,0.0,47,yes,V3,24.0,V2,V5,V2,V2,4351,V3,V2,49608,V1,3830,4,V2,V2,1,V2,1,V2,1.0
124,0.0,37,yes,V3,36.0,V2,V1,V1,V2,3620,V3,V3,25999,V3,3928,2,V2,V1,1,V2,1,V3,2.0
125,0.0,48,yes,V4,9.0,V7,V1,V1,V2,1037,V3,V3,39094,V2,5047,3,V4,V2,2,V2,4,V3,1.0
126,0.0,22,no,V3,23.0,V1,V1,V1,V4,3632,V1,V3,12092,V3,5713,4,V1,V1,1,V1,1,V2,1.0
127,0.0,19,yes,V4,14.0,V7,V4,V4,V4,3185,V3,V3,74013,V1,4922,3,V2,V1,1,V1,2,V2,1.0
128,0.0,31,yes,V4,18.0,V3,V1,V1,V2,1879,V3,V4,37051,V1,4527,1,V4,V2,2,V2,4,V4,1.0
129,1.0,36,yes,V5,60.0,V9,V1,V1,V3,7297,V3,V3,64857,V2,7018,4,V2,V1,1,V1,4,V3,1.0
130,0.0,23,yes,V2,14.0,V3,V5,V2,V2,1443,V3,V3,55914,V1,6749,1,V2,V1,1,V2,4,V3,1.0
131,1.0,55,yes,V2,24.0,V2,V1,V1,V2,6871,V1,V3,28197,V1,6399,1,V1,V2,1,V2,2,V1,1.0
132,1.0,57,yes,V5,36.0,V7,V1,V2,V3,14317,V3,V4,38640,V1,6742,2,V2,V2,1,V3,4,V3,1.0
133,1.0,53,yes,V3,24.0,V9,V4,V4,V2,4591,V3,V4,4001,V1,4742,3,V2,V2,3,V2,2,V3,1.0
134,0.0,45,yes,V4,6.0,V7,V1,V4,V3,6760,V3,V4,14618,V1,4953,3,V4,V2,2,V2,1,V3,2.0
135,1.0,27,yes,V2,17.0,V2,V5,V2,V1,1924,V3,V3,74413,V1,5374,3,V2,V1,1,V1,4,V2,1.0
136,1.0,23,yes,V3,29.0,V7,V1,V2,V3,2150,V1,V3,16534,V3,4537,2,V2,V1,1,V2,4,V2,1.0
137,0.0,36,yes,V5,35.0,V9,V5,V4,V1,6303,V3,V3,85191,V1,4341,4,V4,V1,2,V2,4,V3,1.0
138,1.0,24,yes,V5,11.0,V2,V5,V2,V2,2762,V1,V3,40466,V1,4414,2,V2,V2,1,V2,1,V2,1.0
139,0.0,35,yes,V5,12.0,V3,V5,V4,V4,976,V3,V3,47150,V1,4602,4,V4,V1,2,V2,4,V3,1.0
140,0.0,36,yes,V3,12.0,V3,V5,V4,V3,2279,V3,V3,37760,V1,2919,4,V2,V2,1,V3,4,V3,1.0
141,1.0,25,yes,V1,18.0,V2,V1,V1,V4,2472,V3,V1,14850,V1,4919,1,V2,V1,1,V2,4,V3,1.0
142,0.0,30,yes,V2,18.0,V7,V1,V4,V2,1055,V3,V3,97210,V1,4233,1,V4,V1,2,V2,4,V2,1.0
143,0.0,26,yes,V3,11.0,V9,V1,V4,V1,1185,V3,V3,23138,V1,7296,2,V4,V1,2,V2,3,V2,1.0
144,0.0,32,yes,V2,27.0,V2,V4,V4,V1,4525,V2,V2,16390,V1,5582,2,V4,V2,2,V2,4,V3,2.0
145,0.0,26,yes,V4,9.0,V3,V5,V3,V2,1347,V3,V3,25180,V1,6034,2,V4,V2,2,V2,4,V3,1.0
146,1.0,35,yes,V5,12.0,V7,V1,V1,V2,691,V3,V3,33867,V1,3581,3,V4,V1,2,V2,4,V3,1.0
147,0.0,46,yes,V5,24.0,V3,V1,V4,V1,2611,V3,V3,39860,V2,6403,3,V4,V1,2,V2,4,V4,1.0
148,1.0,31,yes,V2,17.0,V2,V1,V2,V1,1927,V3,V2,108778,V1,5321,2,V4,V1,2,V2,2,V3,1.0
149,0.0,21,yes,V3,6.0,V2,V1,V4,V2,1765,V3,V3,4469,V1,3803,2,V2,V1,1,V1,1,V4,1.0
150,0.0,26,yes,V2,8.0,V9,V1,V2,V1,907,V3,V3,42290,V1,7240,2,V2,V2,1,V2,3,V4,1.0
151,0.0,22,yes,V3,17.0,V6,V5,V1,V4,8470,V3,V3,34591,V1,3253,2,V3,V2,2,V1,1,V2,1.0
152,1.0,45,yes,V3,28.0,V7,V1,V1,V4,4006,V3,V2,34647,V1,5841,2,V2,V1,1,V2,3,V3,1.0
153,0.0,49,yes,V4,47.0,V6,V1,V1,V3,7475,V3,V4,37496,V1,5827,1,V2,V2,1,V3,4,V3,1.0
154,1.0,18,yes,V2,8.0,V2,V1,V4,V4,1979,V3,V3,5502,V2,5492,2,V2,V1,2,V1,2,V2,1.0
155,0.0,65,yes,V1,17.0,V3,V1,V4,V4,1097,V3,V1,75600,V1,6214,4,V4,V1,2,V2,4,V2,1.0
156,1.0,24,yes,V5,48.0,V1,V1,V1,V3,4605,V3,V3,12350,V1,5694,4,V5,V1,2,V3,3,V3,2.0
157,1.0,60,yes,V5,36.0,V9,V1,V2,V3,1952,V3,V4,17229,V1,5725,4,V5,V2,1,V3,4,V3,1.0
158,0.0,32,yes,V4,23.0,V3,V1,V4,V4,1851,V3,V3,99064,V3,4702,2,V4,V2,2,V2,4,V4,1.0
159,0.0,35,yes,V3,9.0,V7,V1,V1,V1,2799,V3,V3,57155,V1,4104,2,V4,V1,2,V1,2,V3,2.0
160,0.0,57,yes,V5,23.0,V10,V1,V1,V1,1755,V3,V2,97088,V3,4414,4,V2,V2,1,V2,4,V2,1.0
161,0.0,22,yes,V4,17.0,V3,V5,V1,V4,1936,V3,V2,19390,V1,4602,4,V2,V1,2,V1,2,V4,1.0
162,0.0,63,yes,V5,9.0,V6,V5,V4,V1,3832,V3,V2,36438,V1,4450,4,V2,V1,1,V2,1,V3,1.0
163,1.0,56,yes,V5,11.0,V3,V1,V1,V1,709,V2,V2,51660,V1,5734,4,V2,V1,1,V2,4,V3,1.0
164,0.0,43,yes,V4,24.0,V1,V5,V4,V4,2197,V3,V3,82720,V1,5271,4,V4,V2,2,V2,4,V3,2.0
165,0.0,38,yes,V4,30.0,V3,V1,V4,V4,5953,V3,V3,66330,V2,5537,2,V4,V1,1,V2,3,V3,1.0
166,0.0,26,yes,V3,26.0,V1,V4,V4,V4,8613,V3,V3,25634,V1,6176,2,V3,V1,2,V2,2,V3,1.0
167,0.0,35,no,V3,6.0,V7,V2,V4,V3,1203,V1,V3,14544,V1,4854,1,V5,V1,1,V1,4,V3,1.0
168,0.0,21,yes,V3,24.0,V2,V3,V1,V1,2482,V2,V3,67150,V1,4798,4,V1,V2,1,V2,4,V3,1.0
169,0.0,41,yes,V5,36.0,V1,V1,V1,V3,5492,V3,V3,50404,V1,7615,4,V2,V1,1,V3,2,V3,2.0
170,1.0,50,yes,V5,18.0,V1,V5,V1,V2,7510,V3,V3,18657,V1,4067,4,V2,V2,1,V3,1,V3,2.0
171,1.0,21,yes,V3,17.0,V2,V1,V1,V4,2461,V3,V3,45452,V1,4482,2,V2,V1,1,V2,2,V3,1.0
172,0.0,52,yes,V5,10.0,V3,V1,V1,V1,2314,V3,V2,22123,V1,5104,4,V2,V1,1,V2,3,V3,1.0
173,0.0,21,yes,V3,12.0,V3,V1,V2,V4,1566,V3,V3,17100,V1,4838,1,V2,V2,1,V2,1,V2,1.0
174,1.0,58,yes,V2,54.0,V9,V1,V2,V3,15944,V3,V3,4030,V1,4464,4,V5,V2,1,V1,3,V3,1.0
175,0.0,62,yes,V5,14.0,V2,V5,V4,V2,1519,V3,V3,45336,V1,3398,4,V4,V1,1,V2,4,V3,1.0
176,0.0,54,yes,V5,12.0,V2,V5,V3,V1,1423,V3,V4,24506,V1,5840,4,V2,V2,1,V2,3,V2,1.0
177,0.0,25,yes,V4,23.0,V3,V1,V3,V4,5151,V1,V3,22641,V1,7257,2,V2,V1,1,V2,4,V3,1.0
178,1.0,21,yes,V2,12.0,V3,V1,V2,V4,1330,V2,V3,72952,V1,4733,1,V2,V1,1,V2,2,V3,1.0
179,1.0,24,yes,V3,11.0,V3,V1,V1,V1,626,V3,V2,17463,V1,6362,4,V1,V1,1,V2,4,V2,1.0
180,0.0,58,yes,V4,8.0,V3,V1,V1,V1,1363,V3,V3,28480,V1,3915,4,V2,V1,1,V2,3,V3,1.0
181,0.0,36,yes,V3,24.0,V9,V4,V3,V1,1275,V3,V3,98782,V1,5889,4,V4,V2,2,V2,2,V1,1.0
182,0.0,24,yes,V3,6.0,V7,V3,V4,V4,2079,V3,V3,25379,V1,5418,2,V4,V1,1,V2,1,V4,1.0
183,0.0,31,yes,V3,23.0,V9,V5,V4,V1,2978,V3,V3,12793,V1,5464,4,V3,V2,2,V2,4,V3,2.0
184,0.0,26,yes,V2,18.0,V2,V1,V2,V2,1295,V3,V3,44958,V1,4815,1,V4,V1,2,V2,4,V2,1.0
185,0.0,22,yes,V2,13.0,V3,V1,V2,V1,882,V3,V3,20237,V3,5117,4,V4,V1,2,V2,4,V3,1.0
186,0.0,60,yes,V4,11.0,V6,V5,V4,V4,2011,V3,V3,96772,V1,6067,2,V4,V1,1,V2,4,V2,1.0
187,1.0,29,yes,V5,23.0,V7,V5,V1,V4,914,V1,V3,8818,V1,4538,2,V2,V1,1,V2,4,V2,1.0
188,1.0,35,yes,V2,23.0,V3,V1,V1,V1,2439,V3,V3,13217,V1,4082,4,V2,V2,1,V2,4,V2,1.0
189,0.0,34,yes,V4,20.0,V2,V5,V2,V4,3976,V3,V3,19503,V1,5014,3,V2,V2,1,V2,2,V3,1.0
190,0.0,65,yes,V5,21.0,V7,V1,V1,V1,571,V3,V3,96102,V1,4997,4,V4,V1,2,V2,4,V3,1.0
191,0.0,49,yes,V5,24.0,V1,V5,V1,V3,2964,V1,V3,56356,V1,3662,4,V2,V2,1,V3,4,V3,2.0
192,0.0,46,yes,V3,11.0,V2,V1,V3,V4,2251,V3,V2,93001,V1,3831,2,V2,V1,1,V2,1,V2,1.0
193,0.0,53,yes,V5,24.0,V6,V1,V4,V3,1596,V3,V3,33246,V1,4009,4,V4,V1,2,V3,4,V3,2.0
194,0.0,42,yes,V3,24.0,V7,V5,V2,V4,1965,V3,V3,11868,V1,5302,4,V3,V2,2,V1,4,V2,1.0
195,0.0,70,yes,V1,10.0,V7,V1,V2,V3,7308,V1,V4,21540,V1,6112,4,V2,V2,1,V3,2,V3,1.0
196,0.0,43,yes,V5,18.0,V7,V5,V2,V4,2899,V3,V3,10609,V1,4189,4,V3,V1,1,V2,4,V3,2.0
197,0.0,29,yes,V3,11.0,V1,V5,V2,V4,2028,V3,V3,41996,V1,4135,2,V2,V1,1,V2,4,V3,1.0
198,0.0,42,yes,V3,15.0,V3,V1,V4,V4,1459,V3,V2,7047,V1,5861,2,V4,V1,1,V2,4,V2,1.0
199,0.0,46,yes,V4,11.0,V7,V1,V2,V1,958,V3,V2,7622,V1,5367,3,V4,V1,2,V2,2,V3,2.0
200,0.0,30,yes,V3,12.0,V2,V1,V1,V2,1620,V3,V3,47306,V2,4528,3,V2,V1,1,V2,2,V2,1.0
201,1.0,31,yes,V3,18.0,V7,V1,V4,V2,1529,V1,V3,44080,V1,5999,2,V4,V1,2,V2,3,V3,1.0
202,1.0,47,yes,V3,18.0,V4,V1,V1,V1,1216,V3,V2,14097,V1,6120,3,V2,V2,1,V2,4,V4,1.0
203,1.0,42,yes,V5,12.0,V7,V1,V1,V2,4843,V3,V3,15575,V2,6182,4,V4,V2,2,V1,3,V3,1.0
204,0.0,22,yes,V3,9.0,V3,V1,V2,V1,1048,V2,V2,21401,V1,4717,4,V1,V1,1,V2,4,V3,1.0
205,0.0,38,yes,V5,12.0,V7,V1,V4,V1,1495,V3,V2,18861,V1,3762,1,V4,V1,2,V2,4,V3,2.0
206,0.0,24,yes,V3,9.0,V3,V1,V1,V1,1137,V3,V2,11797,V1,4538,4,V4,V1,2,V2,4,V3,1.0
207,0.0,25,yes,V3,30.0,V3,V1,V4,V4,4529,V3,V4,14448,V1,4709,4,V4,V2,1,V1,4,V2,1.0
208,1.0,33,yes,V1,14.0,V7,V2,V2,V2,6850,V3,V4,27443,V1,7242,2,V1,V2,1,V2,1,V3,2.0
209,0.0,40,yes,V5,8.0,V6,V5,V4,V2,1243,V3,V2,23164,V1,5911,4,V4,V1,2,V1,4,V2,1.0
210,0.0,31,yes,V5,20.0,V1,V2,V2,V4,6148,V1,V3,10125,V1,6024,4,V5,V2,2,V2,3,V4,1.0
211,0.0,33,yes,V3,9.0,V3,V5,V4,V1,3074,V3,V3,12834,V1,4698,2,V4,V1,2,V2,1,V3,2.0
212,0.0,65,yes,V1,11.0,V7,V3,V3,V3,1480,V1,V1,78743,V1,6013,4,V4,V1,3,V3,2,V3,1.0
213,0.0,68,yes,V1,15.0,V7,V1,V2,V4,1174,V3,V1,25689,V1,3664,3,V4,V2,3,V3,2,V3,1.0
214,0.0,40,no,V3,9.0,V7,V3,V4,V3,1597,V3,V2,15821,V1,5435,2,V2,V1,1,V1,3,V3,2.0
215,0.0,51,yes,V3,11.0,V3,V1,V4,V4,3076,V3,V3,59236,V1,6357,4,V2,V2,1,V2,2,V3,1.0
216,0.0,33,yes,V2,42.0,V9,V1,V3,V2,6288,V3,V3,23299,V1,4858,1,V5,V1,2,V2,2,V1,1.0
217,1.0,65,yes,V3,17.0,V3,V1,V1,V3,2600,V3,V3,35886,V1,4471,4,V2,V1,2,V3,4,V3,1.0
218,0.0,27,yes,V2,12.0,V9,V1,V1,V2,1796,V1,V2,61590,V1,4492,1,V4,V1,2,V2,3,V3,1.0
219,0.0,39,yes,V4,6.0,V7,V4,V1,V1,665,V3,V2,44429,V1,3358,4,V4,V2,2,V2,3,V2,1.0
220,0.0,32,yes,V5,17.0,V3,V3,V4,V2,628,V1,V4,14409,V1,2718,3,V4,V2,2,V2,4,V3,1.0
221,1.0,23,yes,V3,72.0,V3,V2,V2,V4,5595,V3,V3,20840,V1,3286,2,V2,V1,1,V2,2,V4,1.0
222,1.0,40,yes,V2,20.0,V9,V3,V4,V1,2579,V1,V2,34922,V1,5090,2,V3,V1,1,V2,4,V3,2.0
223,1.0,55,yes,V5,11.0,V5,V4,V4,V3,1555,V3,V3,102870,V1,5945,4,V3,V1,2,V3,4,V3,2.0
224,1.0,61,yes,V3,15.0,V5,V4,V2,V2,1512,V2,V3,41288,V1,5325,3,V3,V1,2,V2,3,V4,1.0
225,1.0,28,yes,V2,23.0,V3,V1,V1,V4,1659,V3,V2,71318,V1,6819,2,V3,V2,1,V1,4,V2,1.0
226,0.0,46,yes,V3,24.0,V1,V5,V4,V2,6842,V3,V4,17461,V1,4499,4,V4,V2,2,V2,2,V3,2.0
227,0.0,25,yes,V4,24.0,V9,V2,V1,V1,1381,V3,V3,70603,V1,5666,1,V4,V2,2,V2,4,V3,1.0
228,0.0,24,no,V2,23.0,V2,V1,V1,V2,1747,V3,V2,47139,V2,5855,1,V2,V1,1,V2,4,V3,1.0
229,0.0,35,yes,V3,23.0,V2,V2,V4,V2,4150,V3,V3,35991,V1,3389,3,V3,V1,2,V2,2,V3,1.0
230,0.0,49,yes,V4,18.0,V3,V5,V3,V4,1445,V1,V2,112457,V1,6682,4,V1,V1,1,V2,4,V3,1.0
231,0.0,32,yes,V3,18.0,V2,V1,V2,V4,3244,V1,V3,18474,V1,3185,4,V5,V2,2,V2,1,V2,1.0
232,0.0,32,no,V5,9.0,V7,V1,V4,V1,1230,V3,V2,31156,V1,3639,4,V4,V1,2,V2,3,V3,2.0
233,0.0,23,yes,V2,9.0,V2,V1,V3,V2,1275,V3,V3,17835,V1,7005,2,V2,V1,1,V2,4,V2,1.0
234,0.0,31,yes,V5,24.0,V2,V3,V4,V3,3061,V3,V3,65802,V1,4015,3,V2,V2,1,V1,4,V3,1.0
235,0.0,33,yes,V3,5.0,V9,V2,V4,V1,1743,V3,V2,69882,V1,6077,2,V3,V1,2,V2,1,V3,1.0
236,1.0,29,yes,V3,17.0,V6,V2,V4,V1,1863,V3,V3,14686,V1,5126,2,V4,V1,2,V2,4,V2,1.0
237,1.0,35,yes,V3,23.0,V7,V5,V1,V2,1381,V3,V3,22139,V1,5514,2,V2,V1,1,V2,4,V2,1.0
238,0.0,29,yes,V5,28.0,V3,V1,V4,V4,2742,V3,V3,39607,V1,4595,2,V4,V1,2,V2,4,V3,1.0
239,0.0,56,yes,V5,30.0,V2,V4,V1,V2,3621,V3,V3,40102,V1,4640,4,V2,V2,2,V1,4,V2,1.0
240,0.0,32,yes,V4,14.0,V2,V5,V4,V1,2185,V1,V2,9435,V1,4778,4,V2,V1,1,V1,1,V2,1.0
241,0.0,28,yes,V3,21.0,V7,V2,V3,V4,2922,V1,V4,7489,V1,5709,1,V2,V2,1,V2,1,V2,1.0
242,0.0,33,yes,V5,17.0,V3,V1,V4,V4,6070,V3,V3,20722,V1,5142,4,V4,V2,2,V2,3,V3,1.0
243,0.0,53,yes,V5,12.0,V7,V4,V2,V1,1317,V3,V3,23657,V1,4600,4,V2,V2,1,V2,4,V3,1.0
244,1.0,23,yes,V4,35.0,V7,V1,V1,V4,9270,V3,V3,59286,V1,4041,1,V2,V2,1,V2,2,V3,1.0
245,1.0,32,no,V3,20.0,V7,V1,V1,V2,2235,V1,V3,11960,V3,6066,2,V4,V1,2,V1,4,V4,1.0
246,0.0,46,yes,V5,15.0,V3,V1,V4,V4,1829,V3,V3,8369,V1,4487,4,V4,V2,2,V2,4,V3,1.0
247,0.0,35,yes,V3,6.0,V2,V1,V1,V1,1373,V1,V2,29687,V1,4227,2,V2,V2,1,V2,1,V3,1.0
248,1.0,28,no,V3,9.0,V2,V1,V2,V4,958,V3,V3,6912,V1,4949,2,V2,V1,1,V2,1,V2,1.0
249,0.0,32,yes,V2,23.0,V3,V1,V2,V4,6403,V3,V3,31535,V1,3984,2,V3,V1,1,V2,1,V3,1.0
250,0.0,53,yes,V5,11.0,V1,V1,V1,V1,1408,V3,V3,7555,V1,5993,3,V4,V1,1,V2,4,V3,1.0
251,0.0,36,yes,V5,24.0,V3,V1,V4,V1,1277,V3,V4,33452,V1,5229,1,V2,V2,1,V2,4,V3,1.0
252,0.0,32,yes,V2,26.0,V9,V1,V2,V2,2528,V3,V3,24893,V1,5963,1,V2,V2,1,V2,4,V2,2.0
253,0.0,37,yes,V5,36.0,V1,V4,V4,V4,5710,V3,V4,24243,V1,4758,2,V4,V2,2,V2,4,V3,1.0
254,1.0,24,yes,V4,23.0,V3,V1,V1,V4,1546,V1,V2,57928,V3,5302,4,V1,V1,1,V1,4,V3,1.0
255,1.0,26,yes,V2,35.0,V7,V1,V2,V4,2819,V3,V3,105077,V1,5679,4,V4,V1,2,V2,4,V1,1.0
256,1.0,21,yes,V2,23.0,V3,V1,V2,V2,2038,V3,V3,2668,V1,3827,1,V2,V2,1,V2,1,V4,1.0
257,1.0,40,yes,V3,12.0,V6,V1,V1,V4,683,V3,V2,60487,V1,4610,4,V2,V1,1,V1,4,V3,2.0
258,0.0,26,yes,V3,35.0,V5,V1,V4,V4,2612,V3,V3,105883,V1,4710,2,V5,V1,2,V2,4,V3,1.0
259,0.0,37,yes,V3,6.0,V7,V1,V1,V1,3676,V3,V3,56421,V1,3468,3,V4,V1,3,V1,1,V3,2.0
260,0.0,66,yes,V5,11.0,V1,V1,V1,V3,1526,V3,V4,97721,V1,3840,4,V4,V1,2,V3,4,V3,1.0
261,0.0,21,yes,V3,11.0,V3,V5,V4,V4,885,V3,V3,6764,V1,4922,2,V2,V1,1,V2,4,V2,1.0
262,1.0,30,yes,V5,17.0,V7,V1,V2,V1,1055,V1,V3,28415,V3,6315,3,V4,V1,2,V2,3,V3,1.0
263,0.0,21,yes,V3,14.0,V5,V2,V2,V1,1513,V3,V3,90839,V3,3615,2,V2,V1,1,V2,4,V3,1.0
264,1.0,28,yes,V3,12.0,V2,V3,V4,V4,1122,V3,V2,67278,V1,4909,4,V2,V1,1,V1,4,V2,1.0
265,0.0,22,yes,V4,23.0,V3,V2,V2,V2,1552,V3,V3,23992,V1,5953,2,V3,V2,2,V1,3,V2,1.0
266,0.0,27,no,V2,5.0,V7,V4,V3,V1,709,V3,V1,26718,V1,5193,2,V2,V1,1,V2,2,V4,1.0
267,1.0,20,yes,V3,23.0,V2,V5,V1,V4,2996,V3,V3,26188,V1,5308,4,V2,V1,1,V2,2,V4,1.0
268,1.0,46,yes,V1,6.0,V7,V1,V2,V2,1209,V3,V4,69015,V1,5583,4,V3,V2,1,V2,4,V3,1.0
269,0.0,56,yes,V5,42.0,V1,V1,V3,V3,4796,V3,V3,90374,V1,4708,4,V4,V1,1,V3,4,V3,1.0
270,0.0,51,yes,V5,8.0,V10,V1,V1,V3,1163,V1,V4,30227,V1,4546,4,V4,V2,2,V3,3,V3,2.0
271,0.0,51,yes,V5,6.0,V3,V3,V1,V4,338,V3,V3,53352,V1,4310,4,V4,V1,2,V2,4,V3,1.0
272,0.0,29,yes,V1,35.0,V2,V1,V1,V2,3959,V3,V4,32807,V1,4844,3,V2,V2,1,V2,4,V3,1.0
273,0.0,23,yes,V4,29.0,V1,V2,V1,V4,6187,V3,V3,36782,V1,6498,4,V4,V1,2,V1,1,V4,1.0
274,1.0,25,yes,V2,17.0,V2,V1,V1,V2,3113,V3,V3,60930,V1,5636,4,V5,V1,1,V1,1,V2,1.0
275,1.0,33,yes,V4,48.0,V3,V1,V1,V1,6998,V3,V3,36653,V3,2776,1,V2,V2,2,V2,1,V4,1.0
276,0.0,37,yes,V4,11.0,V2,V3,V4,V4,1401,V3,V3,54509,V1,4845,4,V4,V2,1,V1,3,V2,1.0
277,1.0,27,yes,V4,24.0,V2,V1,V1,V4,3552,V1,V3,55076,V1,4304,4,V1,V1,1,V2,3,V3,1.0
278,0.0,25,yes,V5,8.0,V3,V1,V2,V1,1206,V3,V3,42042,V1,4502,4,V2,V1,1,V2,4,V2,1.0
279,0.0,27,yes,V5,6.0,V7,V2,V3,V4,1322,V3,V3,14326,V1,5325,4,V4,V2,2,V2,2,V1,2.0
280,1.0,28,yes,V4,48.0,V3,V1,V2,V1,3059,V3,V3,78972,V1,5426,4,V2,V1,2,V2,4,V3,1.0
281,1.0,22,yes,V2,17.0,V5,V1,V4,V1,1943,V3,V3,33117,V1,3812,4,V2,V1,1,V2,4,V2,1.0
282,1.0,27,yes,V1,30.0,V7,V1,V2,V4,5233,V3,V4,53629,V1,5894,2,V4,V1,2,V2,4,V4,1.0
283,0.0,49,yes,V2,11.0,V7,V1,V2,V1,3123,V1,V2,62602,V1,7267,3,V4,V1,2,V2,1,V3,2.0
284,0.0,23,yes,V3,12.0,V6,V5,V1,V2,1200,V1,V3,33772,V1,5033,4,V2,V2,1,V1,4,V2,1.0
285,0.0,62,yes,V5,9.0,V7,V1,V3,V3,780,V3,V3,27135,V1,4838,4,V4,V2,2,V3,4,V3,1.0
286,0.0,40,yes,V5,30.0,V9,V2,V2,V2,2503,V2,V3,72878,V1,5174,2,V3,V1,2,V2,4,V3,1.0
287,0.0,27,yes,V2,24.0,V8,V1,V4,V4,937,V3,V2,96017,V1,4353,3,V2,V1,2,V2,4,V4,1.0
288,1.0,23,yes,V3,45.0,V3,V1,V1,V3,1845,V3,V3,48906,V1,5295,4,V2,V2,1,V3,4,V3,1.0
289,0.0,37,yes,V1,18.0,V1,V5,V4,V3,3228,V3,V4,23418,V1,4776,4,V4,V2,1,V2,2,V3,1.0
290,1.0,27,yes,V3,9.0,V7,V1,V1,V4,653,V3,V2,7777,V1,6800,3,V2,V1,1,V2,4,V3,1.0
291,1.0,50,yes,V1,26.0,V9,V1,V1,V2,5292,V2,V3,49782,V1,4273,4,V5,V2,2,V2,2,V3,1.0
292,0.0,51,yes,V5,9.0,V6,V3,V4,V4,936,V3,V3,60815,V1,4668,2,V4,V2,2,V2,4,V3,1.0
293,1.0,26,yes,V2,14.0,V7,V1,V2,V1,1777,V3,V1,21408,V1,5814,1,V5,V1,2,V1,2,V2,1.0
294,0.0,32,yes,V3,30.0,V2,V1,V1,V1,4582,V3,V3,64362,V3,4166,2,V5,V1,2,V2,2,V1,1.0
295,0.0,23,yes,V3,12.0,V3,V1,V3,V1,1296,V3,V3,106784,V1,5063,4,V2,V1,1,V1,3,V4,1.0
296,0.0,27,yes,V3,5.0,V2,V5,V4,V2,1220,V3,V3,68188,V1,5498,2,V4,V1,2,V2,1,V4,1.0
297,0.0,25,no,V3,10.0,V2,V5,V4,V4,2069,V3,V3,12748,V1,4406,1,V4,V1,2,V2,2,V4,1.0
298,0.0,35,yes,V1,5.0,V8,V5,V4,V2,1238,V3,V4,76537,V1,3391,4,V2,V2,1,V2,4,V3,2.0
299,0.0,29,yes,V5,23.0,V1,V4,V2,V3,7757,V3,V3,44818,V1,6625,4,V4,V1,1,V1,2,V2,1.0
300,0.0,29,yes,V3,6.0,V3,V1,V4,V1,518,V3,V3,6907,V1,4663,1,V2,V1,1,V2,3,V2,1.0
301,1.0,32,yes,V5,14.0,V7,V1,V1,V4,949,V3,V3,70989,V1,4662,3,V5,V1,2,V1,4,V3,2.0
302,0.0,38,yes,V1,11.0,V7,V5,V4,V3,2858,V3,V4,99027,V1,5652,4,V2,V2,1,V2,4,V3,1.0
303,1.0,24,yes,V4,39.0,V3,V1,V2,V1,4933,V3,V3,28241,V3,5404,2,V4,V1,2,V2,2,V3,1.0
304,0.0,27,yes,V4,8.0,V9,V1,V4,V4,1449,V3,V3,56780,V1,7246,2,V2,V1,2,V2,3,V2,1.0
305,0.0,26,yes,V3,24.0,V1,V4,V4,V1,5803,V3,V3,24954,V1,4459,2,V4,V1,2,V2,4,V3,1.0
306,0.0,42,yes,V5,60.0,V7,V1,V4,V2,10365,V3,V4,14578,V1,4279,4,V2,V2,1,V2,2,V3,1.0
307,0.0,37,no,V3,10.0,V3,V1,V4,V2,1923,V3,V3,45866,V1,4300,4,V2,V2,1,V2,1,V3,1.0
308,0.0,27,yes,V3,14.0,V2,V1,V4,V3,3342,V3,V3,34491,V1,4503,2,V4,V2,1,V3,4,V3,1.0
309,1.0,39,yes,V5,24.0,V2,V1,V1,V2,3344,V3,V4,41680,V1,5420,2,V2,V2,1,V1,4,V3,1.0
310,0.0,27,yes,V2,6.0,V4,V1,V1,V1,343,V3,V3,43560,V1,4474,1,V2,V1,1,V2,4,V2,1.0
311,0.0,50,yes,V3,24.0,V2,V4,V4,V1,3777,V3,V3,146439,V1,3445,4,V4,V2,1,V2,4,V3,1.0
312,0.0,31,yes,V4,11.0,V3,V1,V4,V4,1963,V3,V4,23909,V1,3858,2,V2,V2,2,V1,4,V3,2.0
313,0.0,33,yes,V4,20.0,V2,V2,V4,V1,1590,V3,V4,28955,V1,5294,3,V3,V1,2,V2,4,V3,1.0
314,0.0,44,yes,V5,23.0,V5,V1,V4,V3,5507,V3,V3,64302,V1,5083,4,V4,V1,2,V3,3,V3,1.0
315,0.0,20,yes,V3,11.0,V2,V1,V1,V2,1289,V3,V2,9440,V3,4523,1,V2,V1,1,V2,4,V3,1.0
316,0.0,66,yes,V4,8.0,V6,V1,V2,V2,1199,V3,V4,100992,V1,5780,4,V2,V2,2,V2,4,V2,1.0
317,0.0,40,yes,V2,27.0,V1,V5,V4,V1,7823,V1,V3,10519,V3,4471,4,V1,V2,2,V1,3,V3,2.0
318,0.0,40,yes,V5,24.0,V1,V1,V4,V4,3867,V3,V4,12677,V1,5471,2,V4,V2,2,V1,4,V2,1.0
319,0.0,25,yes,V1,24.0,V1,V5,V4,V2,5432,V3,V4,27486,V1,3912,4,V2,V2,1,V1,2,V2,1.0
320,1.0,45,no,V5,13.0,V7,V1,V1,V2,8977,V3,V4,109885,V1,4618,4,V2,V2,1,V2,1,V1,1.0
321,0.0,41,yes,V5,21.0,V3,V5,V4,V2,3160,V3,V3,44062,V1,3208,3,V2,V2,1,V2,4,V3,1.0
322,0.0,74,no,V3,6.0,V7,V1,V3,V1,1298,V3,V1,79432,V1,4445,1,V4,V1,3,V2,1,V3,2.0
323,1.0,27,yes,V3,14.0,V7,V2,V2,V4,2630,V3,V3,34492,V1,5047,4,V2,V2,2,V1,2,V2,1.0
324,0.0,34,yes,V4,47.0,V1,V5,V4,V3,8857,V3,V3,35979,V1,5356,1,V4,V2,2,V3,2,V3,1.0
325,0.0,52,yes,V5,12.0,V3,V1,V4,V1,717,V3,V3,17054,V1,6177,4,V4,V1,3,V2,4,V3,1.0
326,0.0,27,yes,V3,24.0,V1,V4,V4,V4,2603,V3,V3,27945,V1,6183,4,V2,V2,1,V1,2,V2,1.0
327,0.0,38,yes,V5,5.0,V3,V5,V2,V2,367,V3,V3,55004,V1,2536,4,V2,V1,1,V2,4,V3,1.0
328,0.0,49,yes,V5,15.0,V3,V5,V2,V1,1537,V3,V3,25817,V3,4404,4,V4,V2,2,V2,4,V3,1.0
329,1.0,46,yes,V5,47.0,V1,V1,V1,V3,6330,V3,V3,12227,V1,5934,4,V4,V2,2,V3,4,V3,1.0
330,1.0,41,yes,V5,35.0,V7,V2,V2,V4,8085,V3,V4,56154,V1,5888,4,V3,V2,4,V2,2,V3,1.0
331,0.0,27,yes,V5,9.0,V3,V1,V2,V4,1082,V3,V2,22409,V1,6687,4,V2,V1,2,V2,4,V3,1.0
332,0.0,62,yes,V3,24.0,V1,V1,V1,V3,2924,V1,V3,77357,V3,3665,4,V2,V2,1,V2,3,V3,2.0
333,0.0,60,yes,V4,12.0,V3,V4,V4,V1,3058,V3,V2,31417,V1,4445,4,V2,V1,1,V2,2,V1,1.0
334,0.0,25,yes,V3,9.0,V2,V1,V1,V1,2135,V3,V3,27390,V1,3703,2,V2,V1,1,V2,3,V3,1.0
335,0.0,50,yes,V5,12.0,V7,V5,V4,V4,2390,V3,V3,30454,V1,4986,3,V2,V2,1,V2,4,V3,1.0
336,1.0,38,yes,V3,15.0,V3,V5,V3,V3,1270,V3,V3,23150,V1,5970,4,V4,V2,2,V3,3,V3,1.0
337,1.0,47,yes,V2,24.0,V3,V1,V1,V1,1023,V2,V3,28102,V1,5003,4,V3,V1,1,V2,4,V4,1.0
338,1.0,22,yes,V1,6.0,V7,V5,V2,V2,14554,V3,V1,6396,V1,3897,2,V2,V2,1,V2,1,V3,1.0
339,0.0,25,yes,V3,18.0,V3,V1,V4,V4,2238,V3,V3,40533,V1,4817,1,V4,V1,2,V2,2,V2,1.0
340,1.0,40,yes,V5,12.0,V7,V1,V2,V4,887,V1,V2,36171,V1,5980,4,V2,V1,1,V2,4,V3,2.0
341,0.0,21,yes,V1,14.0,V7,V1,V1,V3,3972,V3,V3,18440,V1,5443,4,V2,V1,1,V3,1,V3,1.0
342,0.0,19,yes,V5,9.0,V2,V1,V4,V4,1312,V3,V3,7184,V1,6236,4,V2,V1,1,V2,1,V3,1.0
343,1.0,32,yes,V5,11.0,V3,V5,V4,V2,797,V1,V2,23360,V1,4927,3,V4,V1,1,V2,4,V2,2.0
344,0.0,29,yes,V2,6.0,V3,V1,V2,V4,2063,V3,V4,34870,V1,4595,3,V2,V2,1,V1,4,V4,1.0
345,0.0,30,yes,V3,11.0,V8,V1,V2,V1,1409,V3,V2,20246,V1,4867,2,V5,V2,1,V2,2,V3,1.0
346,0.0,42,yes,V5,5.0,V3,V2,V4,V3,1346,V1,V3,124778,V1,5243,4,V2,V2,1,V3,2,V3,2.0
347,0.0,21,yes,V4,59.0,V3,V1,V4,V4,15652,V3,V3,32086,V1,6682,4,V3,V2,2,V2,2,V3,1.0
348,1.0,35,yes,V5,17.0,V7,V1,V2,V4,884,V1,V3,23851,V1,6383,4,V4,V2,1,V2,4,V3,2.0
349,0.0,30,yes,V4,35.0,V1,V5,V4,V4,8947,V2,V4,8819,V1,5187,2,V3,V2,1,V2,3,V3,2.0
350,0.0,50,yes,V4,23.0,V9,V1,V4,V4,1559,V1,V3,84057,V1,3318,4,V1,V2,1,V2,4,V3,1.0
351,0.0,28,yes,V3,20.0,V1,V1,V4,V1,2993,V2,V2,42427,V1,4016,2,V3,V1,2,V2,3,V3,1.0
352,0.0,37,yes,V4,3.0,V7,V1,V4,V1,3380,V3,V3,39972,V1,5909,1,V4,V1,1,V2,1,V2,2.0
353,0.0,23,yes,V3,36.0,V3,V1,V3,V4,5847,V3,V3,19765,V1,5803,1,V2,V1,1,V2,4,V3,1.0
354,0.0,23,yes,V2,20.347666971637693,V2,V1,V4,V2,2288,V3,V3,42392,V1,5634,4,V4,V2,1,V2,4,V2,1.0
355,0.0,37,yes,V5,30.0,V1,V1,V1,V3,10623,V3,V4,27342,V1,3795,4,V4,V2,3,V3,3,V3,2.0
356,0.0,46,yes,V3,14.0,V3,V3,V4,V2,1316,V3,V2,40475,V1,6267,2,V4,V1,2,V2,2,V4,1.0
357,0.0,28,yes,V2,6.0,V3,V1,V3,V2,683,V1,V3,36969,V1,3526,1,V3,V1,1,V2,2,V2,1.0
358,0.0,38,yes,V5,14.0,V5,V1,V2,V4,1308,V3,V2,42761,V1,4064,4,V2,V1,2,V2,4,V3,1.0
359,0.0,34,yes,V1,17.0,V3,V1,V4,V1,2320,V3,V3,31115,V1,4397,3,V3,V1,2,V2,2,V4,1.0
360,1.0,22,yes,V2,23.0,V2,V1,V1,V1,3233,V3,V2,29230,V1,6506,4,V2,V2,1,V1,4,V2,1.0
361,1.0,42,yes,V5,35.0,V2,V1,V1,V4,3445,V3,V3,28184,V1,6585,2,V2,V1,1,V2,4,V3,2.0
362,1.0,47,yes,V5,10.0,V7,V2,V3,V3,1239,V3,V2,79556,V1,5762,4,V2,V1,1,V3,1,V2,2.0
363,0.0,31,yes,V4,35.0,V9,V2,V4,V4,5741,V3,V3,15690,V1,3584,2,V2,V2,2,V2,2,V3,1.0
364,1.0,44,yes,V2,23.0,V3,V5,V4,V4,5942,V3,V3,22440,V1,5348,1,V2,V2,2,V2,1,V2,1.0
365,1.0,52,yes,V3,23.0,V7,V1,V1,V3,4869,V3,V3,9243,V1,3630,4,V3,V1,2,V3,3,V3,2.0
366,1.0,32,yes,V5,8.0,V6,V4,V2,V3,1135,V3,V3,17638,V1,6372,3,V4,V1,2,V3,4,V3,2.0
367,0.0,20,yes,V4,60.0,V3,V2,V4,V1,10143,V3,V3,63829,V1,3145,4,V2,V2,1,V2,2,V2,1.0
368,0.0,27,yes,V5,11.0,V9,V4,V4,V1,2141,V3,V3,36929,V1,3463,2,V2,V2,1,V2,1,V1,1.0
369,0.0,29,yes,V4,23.0,V2,V1,V4,V2,2028,V3,V2,29029,V1,5708,2,V4,V1,2,V2,2,V3,1.0
370,0.0,38,yes,V3,11.0,V2,V1,V1,V2,707,V3,V2,38285,V3,5776,3,V2,V1,1,V2,2,V3,2.0
371,0.0,66,yes,V1,17.0,V5,V1,V2,V4,3872,V3,V3,11923,V1,5305,4,V2,V2,1,V2,2,V2,1.0
372,0.0,39,yes,V5,15.0,V6,V1,V3,V4,1904,V3,V4,42112,V1,6221,4,V2,V2,1,V1,4,V3,1.0
373,0.0,35,yes,V3,36.0,V7,V5,V4,V1,3079,V3,V3,76892,V1,4921,4,V2,V1,1,V2,4,V3,1.0
374,0.0,45,yes,V2,18.0,V2,V1,V3,V2,3048,V2,V2,68117,V1,5625,1,V2,V1,1,V2,1,V2,1.0
375,0.0,29,yes,V3,12.0,V7,V1,V1,V2,2120,V3,V3,34183,V1,6246,2,V4,V1,2,V2,4,V3,1.0
376,0.0,60,yes,V1,19.0,V1,V5,V2,V1,6468,V3,V4,131107,V1,4189,4,V2,V2,1,V2,1,V1,1.0
377,0.0,32,yes,V4,21.0,V2,V4,V2,V4,2744,V3,V3,44247,V1,4447,2,V4,V2,2,V2,3,V3,1.0
378,0.0,28,yes,V3,11.0,V9,V1,V4,V1,1411,V3,V4,56662,V3,5514,2,V4,V2,2,V2,4,V2,1.0
379,0.0,26,yes,V5,15.0,V2,V1,V1,V2,3642,V3,V2,79934,V1,5825,4,V3,V1,2,V2,1,V2,1.0
380,0.0,23,yes,V3,24.0,V2,V1,V1,V1,3021,V3,V2,46157,V1,6019,2,V2,V1,1,V1,2,V1,1.0
381,0.0,24,yes,V3,39.0,V1,V3,V4,V4,2568,V3,V3,43224,V1,6818,4,V2,V1,1,V2,4,V3,1.0
382,0.0,28,yes,V3,18.0,V3,V5,V4,V2,1168,V3,V3,52369,V1,4518,3,V4,V2,2,V2,4,V3,1.0
383,0.0,30,yes,V5,30.0,V3,V3,V4,V4,2332,V1,V4,43593,V1,4200,2,V2,V1,1,V2,4,V3,1.0
384,0.0,22,yes,V4,20.347666971637693,V5,V3,V4,V1,659,V3,V2,86703,V1,4891,4,V2,V1,1,V1,2,V4,1.0
385,0.0,24,yes,V4,24.0,V9,V1,V4,V1,1257,V3,V3,33657,V1,4544,1,V2,V2,1,V2,4,V3,1.0
386,0.0,41,yes,V5,23.0,V7,V2,V4,V1,1469,V3,V2,73175,V1,4872,4,V2,V1,1,V1,4,V4,1.0
387,0.0,23,yes,V1,5.0,V1,V3,V1,V2,1351,V3,V1,63844,V1,5451,2,V2,V2,1,V1,1,V2,1.0
388,1.0,49,yes,V3,36.0,V3,V2,V2,V3,2671,V3,V3,74414,V2,7054,4,V2,V1,1,V3,4,V2,1.0
389,0.0,27,yes,V4,6.0,V3,V1,V2,V1,484,V1,V2,78704,V3,4070,3,V2,V1,1,V2,3,V4,1.0
390,0.0,35,yes,V5,6.0,V3,V5,V4,V3,700,V3,V3,31307,V1,6299,4,V4,V1,2,V3,4,V3,1.0
391,1.0,43,yes,V3,47.0,V7,V3,V4,V3,10127,V1,V3,53219,V1,5124,2,V4,V1,1,V3,2,V3,1.0
392,0.0,47,yes,V5,12.0,V6,V1,V4,V2,1392,V1,V3,68847,V1,5634,4,V2,V2,3,V2,4,V3,2.0
393,0.0,34,yes,V3,59.0,V7,V5,V4,V3,6527,V3,V3,14592,V1,5628,4,V2,V2,1,V3,4,V3,2.0
394,0.0,35,yes,V5,21.0,V9,V4,V4,V1,1572,V1,V2,83876,V1,4242,4,V2,V1,1,V2,4,V2,1.0
395,0.0,45,yes,V5,36.0,V3,V5,V4,V1,3835,V3,V2,41714,V1,4606,4,V2,V2,1,V2,2,V2,1.0
396,0.0,39,yes,V5,36.0,V3,V3,V4,V4,2299,V3,V3,24305,V1,5488,4,V2,V1,1,V2,4,V3,1.0
397,0.0,57,yes,V1,10.0,V3,V2,V4,V1,1154,V3,V2,18634,V1,4420,4,V4,V1,3,V2,4,V2,1.0
398,0.0,49,yes,V5,30.0,V3,V5,V3,V2,3656,V2,V2,90601,V1,5677,4,V4,V1,2,V2,4,V3,1.0
399,0.0,28,yes,V4,23.0,V3,V1,V4,V4,2284,V3,V3,24238,V1,5514,2,V2,V2,1,V2,4,V3,1.0
400,0.0,32,yes,V2,17.0,V3,V1,V4,V1,2050,V3,V3,13138,V1,4610,1,V2,V1,1,V2,4,V3,1.0
401,1.0,24,yes,V3,17.0,V3,V1,V1,V1,3190,V3,V3,16956,V1,4261,2,V2,V1,1,V2,2,V2,1.0
402,0.0,30,yes,V4,36.0,V9,V2,V2,V2,9857,V3,V2,13299,V1,3913,3,V3,V2,2,V2,1,V3,2.0
403,0.0,65,yes,V3,9.0,V3,V3,V2,V1,789,V3,V2,72211,V1,4855,3,V2,V1,1,V2,4,V2,1.0
404,0.0,55,yes,V1,41.0,V1,V1,V2,V3,9282,V3,V4,32118,V1,4415,2,V1,V2,1,V3,1,V3,1.0
405,0.0,40,yes,V3,30.0,V1,V1,V1,V2,3857,V3,V4,60019,V1,3860,4,V2,V2,1,V2,4,V1,1.0
406,0.0,25,yes,V4,29.0,V3,V1,V4,V4,5770,V3,V3,22209,V1,3606,2,V4,V1,2,V2,4,V2,1.0
407,0.0,34,yes,V3,18.0,V7,V2,V1,V4,4379,V3,V2,39948,V1,4243,4,V2,V2,1,V2,3,V3,2.0
408,1.0,36,yes,V2,11.0,V7,V1,V1,V1,1274,V3,V2,35774,V1,6413,1,V2,V1,1,V2,3,V2,1.0
409,0.0,32,yes,V5,18.0,V9,V1,V2,V1,4438,V1,V4,104313,V2,5394,1,V2,V2,1,V2,1,V3,1.0
410,0.0,42,yes,V5,24.0,V3,V5,V2,V4,5083,V3,V3,19583,V1,4447,4,V2,V2,1,V2,2,V2,1.0
411,0.0,29,yes,V2,20.0,V3,V4,V1,V4,3356,V1,V3,16391,V1,6195,2,V2,V1,1,V2,4,V2,1.0
412,0.0,29,no,V2,23.0,V2,V5,V1,V2,7720,V3,V3,33488,V1,5634,2,V2,V2,1,V2,1,V2,1.0
413,0.0,32,yes,V3,5.0,V2,V4,V4,V1,1543,V3,V3,15935,V1,3530,2,V2,V1,1,V2,4,V1,1.0
414,0.0,36,yes,V2,23.0,V7,V2,V2,V4,3877,V3,V3,24006,V1,4879,2,V4,V2,1,V2,4,V1,1.0
415,0.0,31,no,V4,17.0,V7,V5,V4,V2,2661,V3,V3,38795,V1,4926,3,V2,V1,1,V2,4,V3,1.0
416,0.0,23,no,V4,21.0,V7,V5,V1,V1,3763,V3,V2,15769,V2,3658,2,V2,V1,1,V2,2,V3,1.0
417,1.0,33,yes,V2,42.0,V3,V1,V1,V4,3965,V3,V3,54691,V1,5401,3,V2,V1,1,V2,4,V3,1.0
418,0.0,37,yes,V3,8.0,V3,V1,V2,V1,2118,V3,V2,11643,V1,4955,2,V2,V1,1,V2,2,V3,2.0
419,0.0,23,yes,V4,6.0,V3,V1,V4,V4,1554,V3,V3,42891,V1,4887,2,V4,V2,2,V1,1,V2,1.0
420,0.0,36,yes,V5,35.0,V3,V1,V2,V1,2337,V3,V3,51514,V1,5730,4,V4,V1,1,V2,4,V3,1.0
421,0.0,36,yes,V5,9.0,V3,V1,V2,V1,1153,V3,V2,5677,V1,6757,4,V4,V1,3,V2,2,V3,1.0
422,0.0,26,yes,V3,13.0,V7,V1,V4,V4,801,V3,V2,13700,V1,4241,2,V3,V1,2,V2,4,V3,1.0
423,1.0,24,yes,V3,11.0,V7,V1,V1,V1,1228,V3,V2,6181,V1,5099,2,V2,V1,1,V2,4,V2,1.0
424,0.0,41,yes,V4,4.0,V3,V1,V4,V1,1503,V3,V2,6310,V1,3358,1,V4,V1,2,V2,2,V3,2.0
425,0.0,47,yes,V3,9.0,V7,V1,V4,V4,2133,V3,V3,16710,V1,6365,4,V4,V2,3,V2,4,V3,1.0
426,0.0,48,yes,V5,23.0,V3,V1,V2,V2,1743,V3,V2,21207,V1,5468,2,V4,V1,2,V2,4,V3,1.0
427,1.0,25,yes,V3,14.0,V7,V2,V2,V2,1264,V3,V3,9731,V1,5725,2,V1,V1,1,V1,2,V4,1.0
428,1.0,38,yes,V1,18.0,V1,V1,V2,V3,12976,V3,V4,6643,V1,4569,4,V2,V2,1,V3,3,V2,1.0
429,0.0,23,yes,V4,29.0,V1,V5,V4,V2,4811,V2,V2,22750,V1,5785,4,V2,V1,1,V1,2,V2,1.0
430,0.0,23,yes,V3,17.0,V3,V1,V4,V4,1799,V3,V3,28896,V1,3264,2,V4,V1,2,V2,4,V3,1.0
431,1.0,38,yes,V5,17.0,V7,V1,V4,V3,6458,V1,V4,37446,V1,3737,4,V1,V2,2,V2,2,V3,2.0
432,0.0,19,yes,V2,11.0,V1,V5,V4,V4,4675,V3,V3,24748,V1,4720,4,V2,V1,1,V1,1,V2,1.0
433,1.0,53,yes,V1,30.0,V1,V5,V4,V1,7485,V1,V4,102614,V1,5635,1,V1,V2,1,V2,4,V2,1.0
434,0.0,26,no,V3,8.0,V7,V2,V4,V1,3576,V3,V3,24752,V3,4976,2,V2,V1,1,V1,1,V3,2.0
435,0.0,36,yes,V5,29.0,V7,V5,V2,V1,2180,V3,V3,26452,V1,5265,4,V4,V1,2,V2,4,V3,1.0
436,0.0,34,yes,V3,23.0,V3,V1,V4,V1,2684,V3,V2,49922,V1,3498,2,V4,V1,2,V2,4,V3,1.0
437,1.0,46,yes,V3,36.0,V6,V2,V2,V3,12612,V3,V3,37790,V1,3561,4,V2,V2,1,V3,1,V3,2.0
438,0.0,36,yes,V2,17.0,V3,V1,V1,V3,1940,V1,V4,59979,V2,4354,4,V1,V2,1,V3,3,V3,1.0
439,1.0,26,yes,V3,40.0,V6,V1,V1,V3,5997,V1,V3,19467,V1,4994,3,V4,V2,1,V2,4,V3,1.0
440,1.0,44,yes,V3,18.0,V2,V1,V1,V4,1553,V1,V3,32874,V1,5725,3,V1,V1,1,V2,4,V3,1.0
441,0.0,34,yes,V3,14.0,V3,V1,V4,V3,1471,V3,V3,112158,V1,5171,4,V4,V2,2,V3,4,V3,1.0
442,0.0,34,no,V3,9.0,V7,V2,V4,V1,1418,V3,V2,35365,V1,6395,2,V2,V1,1,V1,3,V3,1.0
443,0.0,49,yes,V5,8.0,V3,V2,V3,V1,1125,V3,V3,52744,V1,6258,4,V2,V1,1,V2,2,V1,1.0
444,0.0,46,yes,V5,47.0,V9,V5,V4,V4,7628,V1,V4,31121,V1,5329,2,V4,V1,2,V2,4,V1,2.0
445,0.0,57,yes,V5,30.0,V3,V5,V4,V4,1867,V3,V3,5038,V1,3872,4,V2,V2,1,V2,4,V3,1.0
446,0.0,18,yes,V2,11.0,V2,V4,V2,V1,983,V3,V2,21381,V1,3511,4,V2,V1,1,V1,1,V2,1.0
447,0.0,25,yes,V2,24.0,V7,V1,V2,V2,1200,V3,V3,47909,V1,3601,1,V2,V1,1,V2,4,V3,1.0
448,0.0,23,yes,V4,12.0,V9,V2,V2,V1,841,V3,V2,24288,V1,5184,4,V2,V1,1,V1,2,V2,1.0
449,0.0,40,yes,V3,11.0,V7,V1,V1,V1,3938,V3,V2,8629,V1,5459,2,V4,V1,2,V2,1,V3,2.0
450,0.0,35,yes,V4,23.0,V1,V1,V4,V4,4678,V3,V2,20911,V1,5570,3,V3,V2,2,V2,3,V3,1.0
451,0.0,25,yes,V2,12.0,V7,V1,V3,V1,1329,V3,V3,23504,V1,5226,1,V2,V1,1,V2,4,V3,1.0
452,1.0,22,yes,V3,47.0,V9,V1,V2,V4,15671,V3,V3,73717,V1,3366,2,V2,V2,1,V2,2,V3,1.0
453,0.0,28,yes,V2,23.0,V3,V2,V2,V4,2895,V3,V3,43527,V1,4683,1,V2,V1,1,V2,2,V3,1.0
454,0.0,46,yes,V3,18.0,V2,V1,V4,V3,1983,V1,V3,43690,V1,3995,4,V2,V1,2,V3,4,V3,1.0
455,0.0,31,yes,V3,24.0,V3,V5,V3,V4,3148,V3,V3,56785,V1,4407,2,V4,V2,2,V2,3,V3,1.0
456,0.0,40,yes,V5,24.0,V1,V5,V4,V4,6313,V3,V4,32756,V1,5399,4,V2,V2,1,V2,3,V3,2.0
457,1.0,52,yes,V1,12.0,V3,V5,V2,V3,6468,V3,V4,20713,V1,6122,1,V2,V2,1,V2,2,V3,1.0
458,1.0,37,yes,V3,48.0,V9,V5,V4,V1,3913,V1,V3,65888,V1,5365,2,V2,V1,1,V2,4,V1,1.0
459,1.0,26,yes,V1,17.0,V6,V1,V1,V1,750,V3,V1,20333,V1,5529,1,V2,V1,1,V2,4,V2,1.0
460,0.0,26,yes,V3,33.0,V9,V1,V4,V4,2763,V3,V3,69683,V1,5007,2,V3,V2,2,V2,2,V2,1.0
461,1.0,28,yes,V3,11.0,V7,V1,V1,V1,3499,V3,V3,68415,V2,4432,2,V4,V1,2,V2,3,V2,1.0
462,1.0,56,yes,V5,35.0,V7,V1,V2,V3,2225,V1,V3,63215,V1,4744,4,V3,V2,2,V3,4,V3,1.0
463,0.0,42,yes,V3,18.0,V2,V1,V4,V1,2514,V3,V3,14003,V1,4474,4,V2,V2,1,V2,3,V3,1.0
464,0.0,49,yes,V5,12.0,V2,V5,V1,V2,1262,V3,V2,36278,V1,5304,4,V2,V2,1,V2,2,V1,1.0
465,0.0,52,yes,V5,24.0,V2,V3,V4,V2,2834,V3,V3,22450,V1,6300,4,V2,V1,1,V2,3,V3,1.0
466,0.0,48,yes,V4,11.0,V6,V1,V4,V1,2095,V3,V2,2062,V1,6071,3,V4,V1,1,V2,2,V3,2.0
467,0.0,27,yes,V1,45.0,V1,V2,V2,V4,4575,V3,V3,1446,V1,5092,4,V4,V1,1,V2,3,V3,1.0
468,0.0,29,yes,V3,24.0,V3,V2,V4,V4,1901,V3,V4,33210,V1,5819,4,V2,V2,1,V1,4,V3,1.0
469,1.0,46,yes,V4,48.0,V7,V1,V1,V3,3930,V3,V3,59416,V1,4141,4,V2,V1,1,V3,4,V3,2.0
470,0.0,37,yes,V3,47.0,V9,V5,V2,V3,6680,V3,V3,17029,V1,4994,4,V3,V2,1,V3,4,V3,2.0
471,0.0,63,yes,V3,6.0,V3,V1,V2,V1,753,V3,V3,12004,V3,3255,3,V2,V1,1,V2,2,V2,1.0
472,0.0,40,no,V2,5.0,V7,V1,V1,V1,1361,V3,V2,34829,V1,4660,4,V4,V1,1,V2,2,V3,2.0
473,1.0,29,yes,V3,20.0,V7,V5,V4,V2,5003,V1,V3,57376,V1,4814,4,V5,V2,2,V2,1,V2,1.0
474,0.0,34,yes,V3,30.0,V2,V4,V2,V4,3495,V2,V3,75183,V1,5599,2,V1,V2,1,V2,4,V3,2.0
475,0.0,47,yes,V5,24.0,V3,V2,V3,V3,1376,V3,V3,35214,V1,4832,2,V2,V2,1,V3,4,V2,1.0
476,1.0,26,yes,V2,20.0,V6,V1,V1,V2,3414,V3,V3,29691,V1,4200,1,V3,V1,2,V2,2,V3,1.0
477,0.0,44,yes,V5,15.0,V2,V1,V1,V4,1477,V3,V3,40156,V1,5063,4,V4,V2,2,V2,4,V3,2.0
478,1.0,31,yes,V5,24.0,V9,V1,V2,V1,1935,V3,V3,9278,V1,3823,4,V4,V2,2,V2,4,V1,1.0
479,0.0,24,yes,V5,20.0,V2,V1,V1,V2,4272,V3,V3,40551,V1,5043,4,V4,V1,2,V2,1,V2,1.0
480,0.0,35,yes,V2,14.0,V7,V1,V1,V1,1720,V3,V3,51868,V1,3794,3,V2,V1,1,V2,2,V3,1.0
481,0.0,44,yes,V5,15.0,V1,V5,V4,V3,1299,V1,V3,36266,V1,5298,4,V2,V1,1,V3,4,V3,2.0
482,0.0,56,yes,V5,12.0,V3,V1,V4,V1,617,V3,V3,25031,V1,3596,4,V4,V1,1,V2,4,V3,1.0
483,0.0,64,yes,V5,11.0,V3,V5,V4,V1,930,V3,V3,29055,V1,7595,4,V4,V1,4,V2,4,V3,1.0
484,0.0,62,yes,V5,29.0,V1,V5,V4,V4,7596,V3,V3,62436,V1,6186,4,V4,V1,2,V2,1,V3,1.0
485,1.0,35,yes,V5,6.0,V6,V1,V1,V3,1198,V3,V3,220716,V1,7429,4,V1,V1,1,V3,4,V2,1.0
486,0.0,26,yes,V3,8.0,V9,V1,V2,V1,1391,V1,V3,14946,V1,5026,1,V2,V2,1,V2,2,V4,1.0
487,1.0,24,yes,V3,15.0,V4,V5,V1,V4,1274,V3,V3,24852,V1,5842,2,V2,V1,1,V1,4,V2,1.0
488,0.0,27,yes,V3,12.0,V3,V1,V4,V1,776,V3,V3,24208,V1,6046,2,V2,V1,1,V2,4,V4,1.0
489,0.0,26,yes,V3,24.0,V9,V2,V4,V2,4139,V3,V2,52936,V1,4551,3,V4,V2,2,V2,3,V3,1.0
490,0.0,59,yes,V5,24.0,V7,V4,V4,V1,1940,V3,V3,58731,V1,5078,4,V4,V2,1,V2,4,V3,1.0
491,0.0,45,yes,V5,17.0,V3,V4,V4,V4,1582,V3,V3,24953,V1,4297,4,V4,V1,2,V2,4,V3,1.0
492,0.0,32,yes,V3,9.0,V7,V5,V2,V1,3195,V3,V2,22386,V1,4796,2,V2,V1,1,V2,1,V2,1.0
493,0.0,58,yes,V5,15.0,V7,V5,V4,V4,5044,V3,V3,62367,V1,3897,4,V4,V2,1,V2,1,V2,1.0
494,0.0,20,yes,V5,23.0,V2,V5,V3,V3,3617,V3,V3,79418,V2,4744,4,V4,V1,2,V1,4,V3,1.0
495,1.0,31,yes,V3,24.0,V3,V2,V1,V4,1282,V3,V2,14751,V1,3933,2,V2,V1,1,V2,4,V2,1.0
496,0.0,54,no,V4,11.0,V1,V4,V4,V2,1413,V3,V3,47293,V1,7040,2,V2,V1,1,V2,3,V3,1.0
497,0.0,54,yes,V1,11.0,V2,V1,V1,V3,2578,V3,V4,31986,V1,6767,4,V2,V1,1,V3,3,V2,1.0
498,1.0,67,yes,V5,5.0,V7,V1,V1,V3,14895,V1,V4,13013,V1,5421,4,V2,V2,1,V2,1,V3,1.0
499,0.0,30,yes,V4,39.0,V2,V5,V1,V2,14178,V3,V4,84492,V1,6875,4,V4,V2,2,V2,4,V3,1.0
500,0.0,29,yes,V3,15.0,V7,V5,V4,V3,3555,V3,V3,15501,V1,4305,2,V2,V1,1,V2,3,V3,1.0
501,0.0,30,yes,V1,9.0,V2,V1,V4,V4,2405,V3,V4,33118,V1,6458,3,V4,V1,1,V2,2,V3,1.0
502,1.0,40,yes,V3,15.0,V6,V2,V4,V2,4622,V3,V4,12486,V1,6623,2,V2,V2,1,V2,3,V3,1.0
503,0.0,36,yes,V3,17.0,V7,V1,V4,V1,1028,V3,V3,23347,V1,5094,3,V4,V1,2,V2,4,V2,1.0
504,0.0,29,yes,V2,36.0,V4,V5,V2,V3,3990,V1,V1,15219,V1,4617,2,V1,V1,1,V2,3,V2,1.0
505,1.0,30,yes,V3,48.0,V2,V1,V2,V4,5095,V3,V4,40125,V1,3792,3,V4,V2,1,V2,2,V2,1.0
506,0.0,38,yes,V5,12.0,V3,V1,V4,V4,803,V3,V3,65855,V1,5961,4,V2,V1,1,V2,4,V3,1.0
507,0.0,32,yes,V5,47.0,V3,V5,V4,V4,7237,V1,V3,64272,V1,4889,3,V3,V1,2,V2,3,V3,2.0
508,0.0,49,yes,V3,11.0,V7,V1,V4,V1,639,V3,V2,16050,V1,6311,2,V2,V1,1,V2,4,V1,1.0
509,1.0,27,yes,V2,35.0,V1,V1,V2,V4,9397,V3,V4,62158,V1,6273,4,V2,V2,1,V1,1,V4,1.0
510,1.0,33,yes,V1,23.0,V2,V1,V2,V2,2063,V3,V4,50739,V1,4420,2,V3,V2,1,V2,3,V2,1.0
511,0.0,28,no,V4,12.0,V3,V1,V2,V1,1103,V3,V3,56645,V3,5200,3,V2,V1,2,V2,4,V3,1.0
512,1.0,66,yes,V3,11.0,V3,V3,V2,V1,766,V3,V2,34309,V1,5031,3,V2,V1,1,V2,4,V3,1.0
513,0.0,26,yes,V3,29.0,V3,V5,V2,V4,1714,V3,V3,10988,V1,4285,1,V2,V1,1,V2,4,V2,1.0
514,1.0,27,yes,V2,20.347666971637693,V9,V1,V4,V4,8648,V1,V3,69730,V1,6615,2,V3,V2,2,V2,2,V3,1.0
515,1.0,22,yes,V2,12.0,V3,V1,V2,V1,1533,V3,V3,54933,V1,4756,1,V2,V1,1,V1,1,V4,1.0
516,0.0,28,yes,V3,17.0,V9,V5,V2,V1,1886,V1,V3,33600,V1,4374,4,V4,V1,2,V2,4,V4,1.0
517,0.0,51,yes,V5,36.0,V3,V5,V4,V4,3341,V3,V3,9252,V1,5052,2,V4,V2,1,V2,4,V3,1.0
518,0.0,32,yes,V3,36.0,V1,V1,V4,V3,4686,V3,V4,45356,V1,5923,2,V2,V2,1,V3,2,V3,1.0
519,0.0,34,yes,V5,36.0,V7,V1,V4,V4,6614,V3,V4,31713,V1,4858,4,V4,V2,2,V2,4,V3,1.0
520,1.0,23,yes,V3,32.0,V2,V3,V1,V4,4281,V3,V3,94787,V1,4908,4,V4,V1,2,V2,1,V2,1.0
521,1.0,21,yes,V3,45.0,V3,V2,V2,V2,3030,V3,V3,11224,V3,6097,4,V2,V1,1,V1,4,V3,1.0
522,0.0,25,yes,V2,12.0,V1,V5,V4,V4,2445,V3,V3,3457,V1,5848,4,V2,V2,1,V1,2,V4,1.0
523,0.0,28,yes,V3,23.0,V3,V1,V1,V4,3659,V3,V3,60924,V1,6984,4,V2,V1,1,V2,2,V2,1.0
524,1.0,31,yes,V5,30.0,V2,V5,V1,V2,6350,V3,V3,113579,V1,4560,4,V2,V1,1,V2,4,V3,1.0
525,1.0,41,yes,V5,11.0,V6,V1,V4,V4,718,V1,V2,21670,V1,5656,4,V2,V1,1,V2,4,V3,2.0
526,0.0,46,yes,V5,8.0,V7,V1,V1,V1,730,V3,V2,9856,V1,4437,4,V4,V1,2,V2,4,V3,1.0
527,1.0,29,yes,V4,41.0,V3,V5,V1,V4,7173,V3,V4,17237,V1,5162,3,V2,V2,1,V2,4,V2,1.0
528,0.0,30,yes,V3,36.0,V3,V1,V4,V4,9565,V2,V3,79021,V1,3240,2,V4,V1,2,V2,2,V2,1.0
529,1.0,58,yes,V5,48.0,V1,V1,V1,V3,6143,V2,V2,48659,V1,5099,4,V4,V1,2,V3,4,V2,1.0
530,0.0,43,yes,V3,11.0,V3,V1,V3,V4,1881,V3,V2,55435,V1,5294,2,V2,V2,1,V1,2,V2,1.0
531,0.0,24,yes,V4,8.0,V2,V5,V2,V4,2030,V3,V3,22527,V1,5012,1,V2,V2,1,V2,2,V3,1.0
532,0.0,24,yes,V5,12.0,V2,V1,V1,V2,651,V3,V3,43266,V1,4631,4,V2,V1,1,V1,4,V2,1.0
533,1.0,34,yes,V5,11.0,V1,V1,V1,V3,3385,V3,V3,11542,V1,3509,4,V2,V2,1,V3,3,V3,1.0
534,0.0,64,yes,V3,10.0,V7,V1,V4,V4,1364,V3,V3,38570,V1,5488,4,V2,V2,1,V2,2,V2,1.0
535,0.0,43,yes,V2,11.0,V1,V2,V2,V2,1803,V3,V3,7113,V1,5706,4,V4,V1,1,V2,3,V3,1.0
536,0.0,42,yes,V5,12.0,V2,V1,V4,V1,1934,V3,V3,57472,V1,6110,4,V4,V2,3,V2,4,V3,1.0
537,0.0,42,yes,V5,11.0,V2,V1,V4,V2,3331,V2,V3,92541,V1,6197,4,V4,V1,1,V2,2,V3,1.0
538,1.0,29,yes,V5,21.0,V7,V5,V4,V3,12679,V3,V4,59977,V1,5292,4,V4,V2,1,V3,4,V3,1.0
539,0.0,36,yes,V3,14.0,V1,V3,V3,V4,2360,V3,V3,7188,V1,5570,2,V4,V2,1,V2,2,V3,1.0
540,1.0,32,yes,V3,18.0,V3,V1,V2,V4,1245,V3,V3,52863,V1,3947,2,V4,V1,1,V2,4,V4,1.0
541,0.0,32,yes,V4,39.0,V6,V2,V2,V3,11759,V3,V3,12148,V1,2614,3,V3,V2,1,V1,2,V3,1.0
542,0.0,25,yes,V4,22.0,V7,V5,V4,V2,1282,V3,V3,12891,V1,3507,4,V2,V1,1,V1,4,V2,1.0
543,0.0,29,yes,V2,24.0,V2,V5,V2,V2,2332,V1,V2,38042,V1,6302,2,V3,V1,1,V2,4,V3,1.0
544,1.0,54,yes,V1,17.0,V5,V1,V1,V3,1189,V3,V1,29966,V1,4873,4,V4,V1,3,V3,2,V2,2.0
545,1.0,33,yes,V2,35.0,V7,V1,V1,V4,1841,V3,V3,15790,V1,5139,4,V2,V2,1,V2,4,V2,1.0
546,1.0,27,yes,V2,23.0,V1,V3,V2,V4,4113,V3,V3,26586,V1,4678,4,V2,V1,1,V1,3,V2,1.0
547,0.0,51,yes,V5,11.0,V7,V5,V4,V3,2133,V3,V4,16576,V1,5536,4,V2,V2,1,V3,4,V2,1.0
548,0.0,42,yes,V5,6.0,V7,V2,V1,V2,1203,V3,V3,77649,V1,6521,2,V2,V2,1,V2,3,V3,1.0
549,0.0,55,yes,V5,23.0,V3,V1,V1,V4,1603,V3,V3,98910,V1,3820,4,V2,V1,1,V2,4,V2,1.0
550,1.0,23,yes,V2,24.0,V7,V1,V2,V1,1246,V2,V2,47733,V1,5366,2,V2,V1,1,V2,4,V3,1.0
551,1.0,27,yes,V3,12.0,V3,V1,V1,V2,6199,V3,V3,59349,V1,3534,2,V5,V2,2,V1,4,V3,1.0
552,1.0,35,yes,V5,23.0,V3,V3,V4,V4,2396,V1,V3,23037,V1,3806,2,V2,V2,2,V2,3,V3,1.0
553,0.0,75,yes,V1,5.0,V7,V5,V1,V2,1373,V3,V4,21314,V1,5642,3,V2,V2,1,V2,4,V2,1.0
554,0.0,31,yes,V2,9.0,V1,V5,V4,V1,2901,V3,V3,155195,V1,4518,4,V2,V1,1,V1,1,V2,1.0
555,1.0,20,yes,V3,23.0,V7,V1,V2,V2,2718,V3,V2,114527,V1,8633,4,V2,V2,1,V1,3,V2,1.0
556,0.0,47,yes,V5,18.0,V2,V1,V4,V2,3421,V1,V3,19479,V1,5208,4,V2,V2,3,V2,4,V3,2.0
557,0.0,34,yes,V3,36.0,V1,V1,V2,V4,5800,V3,V3,48766,V1,5621,4,V4,V2,2,V2,3,V3,1.0
558,1.0,23,yes,V2,60.0,V7,V2,V2,V2,7407,V3,V4,23620,V1,4999,2,V2,V1,1,V2,4,V2,1.0
559,0.0,39,yes,V3,12.0,V3,V1,V1,V1,701,V3,V2,22728,V1,4054,2,V2,V1,1,V2,4,V4,1.0
560,0.0,33,yes,V3,7.0,V3,V1,V2,V1,2414,V3,V3,63550,V3,3971,2,V2,V1,1,V2,3,V3,1.0
561,0.0,23,yes,V1,24.0,V3,V3,V2,V3,3757,V3,V1,64014,V1,4954,4,V2,V1,1,V1,1,V2,1.0
562,0.0,27,yes,V3,30.0,V9,V1,V2,V4,4220,V3,V3,20763,V1,2938,1,V5,V1,2,V2,2,V2,1.0
563,0.0,22,yes,V2,23.0,V2,V1,V1,V3,3148,V1,V3,39890,V1,5191,1,V2,V1,1,V3,4,V3,1.0
564,1.0,22,yes,V2,11.0,V7,V2,V2,V2,835,V1,V2,49425,V1,5397,2,V2,V1,1,V2,4,V2,1.0
565,0.0,30,yes,V3,36.0,V1,V5,V4,V4,11054,V3,V4,47387,V1,2285,2,V4,V2,1,V2,4,V3,1.0
566,0.0,56,yes,V5,23.0,V3,V4,V1,V2,1230,V3,V4,43371,V1,5493,4,V4,V2,2,V1,4,V2,1.0
567,1.0,22,yes,V2,5.0,V6,V1,V1,V2,448,V3,V3,10938,V1,5223,4,V2,V1,1,V2,4,V2,1.0
568,0.0,65,yes,V1,42.0,V5,V1,V1,V4,3393,V3,V1,14703,V2,5027,4,V4,V1,2,V2,4,V3,1.0
569,0.0,33,yes,V3,29.0,V3,V1,V4,V4,2830,V3,V3,96561,V1,4926,2,V4,V2,1,V2,4,V2,1.0
570,0.0,43,yes,V3,11.0,V7,V3,V4,V1,1162,V3,V3,52858,V1,4995,4,V4,V2,1,V2,4,V3,1.0
571,0.0,35,yes,V4,24.0,V1,V1,V4,V4,2345,V3,V3,22907,V1,6319,3,V4,V2,2,V2,4,V3,1.0
572,1.0,28,yes,V3,36.0,V2,V1,V4,V4,3348,V3,V4,43544,V1,3575,2,V2,V2,1,V2,4,V2,1.0
573,0.0,27,yes,V3,60.0,V3,V5,V2,V1,7418,V3,V2,59875,V1,5079,1,V3,V1,1,V2,1,V3,1.0
574,0.0,25,yes,V5,24.0,V3,V5,V4,V4,999,V3,V3,29730,V1,5473,2,V2,V1,2,V2,4,V3,1.0
575,1.0,25,yes,V3,10.0,V2,V1,V4,V1,2210,V1,V2,39243,V1,4515,2,V2,V1,1,V1,2,V3,1.0
576,1.0,25,yes,V2,23.0,V2,V1,V2,V4,4736,V1,V2,19030,V1,6225,4,V4,V1,1,V2,2,V2,1.0
577,1.0,23,yes,V2,5.0,V6,V4,V2,V2,433,V1,V3,40072,V1,5128,2,V1,V1,1,V1,4,V2,2.0
578,0.0,35,yes,V3,18.0,V9,V4,V2,V2,1941,V3,V2,48510,V1,2634,2,V2,V2,1,V2,4,V3,1.0
579,1.0,34,yes,V4,48.0,V9,V2,V2,V3,3844,V3,V2,27309,V1,5632,4,V5,V1,1,V3,4,V3,2.0
580,0.0,41,yes,V5,18.0,V9,V5,V2,V2,2427,V3,V3,38900,V1,6415,2,V3,V1,2,V2,4,V3,1.0
581,0.0,36,yes,V4,11.0,V9,V1,V4,V4,1541,V3,V3,28831,V1,6093,4,V2,V2,1,V2,2,V3,1.0
582,0.0,28,yes,V2,24.0,V1,V1,V4,V3,2679,V3,V4,19924,V1,6459,1,V2,V2,1,V2,4,V2,1.0
583,0.0,61,yes,V5,23.0,V7,V1,V4,V3,3756,V3,V3,126233,V2,4979,4,V2,V2,1,V3,4,V2,1.0
584,0.0,36,yes,V1,48.0,V7,V5,V2,V3,12169,V3,V4,80203,V2,4628,4,V1,V2,1,V3,4,V3,1.0
585,0.0,36,yes,V5,11.0,V3,V5,V3,V4,3398,V3,V4,24590,V1,3258,3,V2,V1,1,V2,2,V3,1.0
586,0.0,42,yes,V5,12.0,V3,V3,V4,V2,522,V3,V3,36592,V1,3613,4,V4,V2,2,V2,4,V3,1.0
587,0.0,20,yes,V2,10.0,V2,V4,V2,V1,1577,V3,V3,41242,V1,4186,1,V2,V1,1,V2,4,V2,1.0
588,0.0,31,yes,V4,11.0,V2,V1,V4,V1,1736,V3,V2,50080,V1,5463,4,V2,V1,1,V2,3,V2,1.0
589,0.0,24,yes,V4,48.0,V7,V5,V2,V4,8487,V3,V3,25968,V1,3658,2,V2,V1,1,V2,1,V2,1.0
590,0.0,27,yes,V2,20.0,V3,V1,V1,V2,2605,V3,V4,22321,V1,5212,4,V2,V2,1,V1,4,V2,1.0
591,0.0,25,yes,V2,24.0,V2,V1,V3,V4,3749,V3,V3,16586,V1,5306,4,V2,V1,1,V2,2,V2,1.0
592,0.0,29,yes,V4,48.0,V9,V2,V2,V4,3565,V3,V3,14527,V1,4336,2,V1,V1,1,V2,4,V3,1.0
593,0.0,28,yes,V4,6.0,V3,V1,V4,V1,2107,V3,V3,21827,V1,5292,2,V2,V1,1,V1,2,V4,1.0
594,0.0,74,yes,V3,24.0,V9,V1,V4,V1,4525,V3,V4,45982,V1,2555,2,V4,V2,1,V2,3,V3,1.0
595,0.0,27,no,V2,10.0,V2,V5,V1,V1,2131,V3,V3,14226,V2,3623,3,V4,V1,2,V1,2,V2,1.0
596,0.0,24,yes,V3,36.0,V3,V5,V4,V4,2394,V3,V3,25962,V1,5034,4,V2,V1,1,V2,4,V2,1.0
597,0.0,32,yes,V3,12.0,V6,V1,V4,V4,701,V3,V3,38624,V1,4972,2,V4,V1,2,V2,4,V3,1.0
598,0.0,33,yes,V3,18.0,V9,V2,V2,V4,2621,V3,V3,33144,V1,5868,4,V2,V1,1,V2,4,V3,1.0
599,1.0,29,yes,V4,36.0,V2,V1,V1,V2,5179,V3,V3,19497,V1,6043,2,V2,V1,1,V2,4,V3,1.0
600,0.0,29,yes,V2,36.0,V3,V1,V2,V3,4795,V3,V4,17083,V1,4761,1,V2,V2,1,V2,4,V2,1.0
601,0.0,23,yes,V3,35.0,V3,V1,V3,V1,3912,V3,V3,44282,V1,4880,2,V2,V2,1,V2,2,V3,1.0
602,0.0,33,yes,V5,24.0,V2,V1,V4,V4,5150,V3,V3,53731,V1,4913,4,V4,V2,1,V2,4,V3,1.0
603,0.0,31,yes,V4,21.0,V7,V3,V4,V4,2781,V1,V4,14477,V1,4102,2,V2,V1,1,V2,1,V2,1.0
604,1.0,22,yes,V3,27.0,V3,V3,V2,V2,2519,V3,V2,22073,V1,4119,2,V4,V1,2,V2,4,V3,1.0
605,0.0,74,yes,V1,24.0,V1,V1,V1,V3,6615,V3,V4,67879,V1,5713,4,V4,V2,2,V3,2,V3,1.0
606,0.0,45,yes,V5,39.0,V1,V2,V4,V4,8588,V3,V4,39047,V1,5412,2,V2,V2,1,V2,4,V3,1.0
607,0.0,45,yes,V2,11.0,V7,V5,V4,V2,3526,V3,V4,39540,V1,6030,3,V2,V2,1,V2,2,V3,2.0
608,1.0,27,yes,V2,12.0,V2,V2,V2,V4,951,V1,V3,50915,V1,3708,4,V2,V1,4,V1,4,V2,1.0
609,0.0,60,yes,V3,17.0,V6,V5,V2,V3,1239,V3,V3,5540,V1,6781,4,V2,V1,1,V3,4,V3,1.0
610,0.0,35,yes,V4,14.0,V3,V5,V2,V1,2728,V1,V3,91387,V3,6486,2,V4,V2,3,V2,4,V3,1.0
611,0.0,42,yes,V4,24.0,V1,V5,V4,V2,4041,V3,V3,1560,V1,5441,4,V4,V2,2,V2,3,V3,1.0
612,0.0,30,yes,V3,12.0,V3,V1,V4,V1,706,V1,V3,77864,V1,3271,2,V2,V1,2,V2,4,V3,1.0
613,0.0,34,yes,V4,11.0,V3,V2,V4,V3,2140,V3,V3,8100,V1,4952,1,V2,V1,1,V2,3,V3,1.0
614,0.0,54,yes,V3,36.0,V7,V1,V2,V2,7431,V3,V3,68687,V1,4920,2,V3,V1,1,V1,2,V2,1.0
615,0.0,31,yes,V3,9.0,V3,V1,V4,V1,2696,V3,V3,14047,V1,4714,2,V2,V1,1,V2,1,V3,2.0
616,0.0,36,yes,V5,23.0,V1,V5,V2,V3,2759,V1,V3,13689,V1,5746,4,V2,V2,1,V3,4,V3,1.0
617,0.0,25,yes,V3,14.0,V5,V2,V2,V1,2630,V3,V2,40662,V1,3885,2,V2,V1,1,V2,3,V2,1.0
618,0.0,51,yes,V5,23.0,V3,V2,V4,V2,2222,V1,V3,43560,V1,3630,4,V4,V1,2,V2,4,V3,1.0
619,0.0,39,yes,V3,53.0,V1,V5,V4,V2,9435,V3,V2,11326,V1,4987,2,V5,V1,1,V2,2,V3,2.0
620,1.0,34,yes,V2,9.0,V3,V1,V3,V4,1337,V3,V4,13913,V1,4915,2,V5,V2,2,V2,4,V3,1.0
621,0.0,29,yes,V3,11.0,V2,V1,V1,V2,3589,V3,V2,22781,V2,6051,2,V2,V1,1,V2,2,V3,2.0
622,1.0,41,yes,V5,48.0,V7,V1,V1,V3,7762,V1,V4,34390,V1,4399,4,V2,V1,1,V3,4,V3,1.0
623,0.0,36,yes,V2,12.0,V6,V5,V4,V2,3564,V3,V2,19220,V1,5040,1,V4,V1,2,V2,2,V3,2.0
624,0.0,34,yes,V1,6.0,V2,V1,V2,V2,1049,V2,V4,125218,V1,4305,1,V3,V2,2,V2,4,V3,1.0
625,1.0,65,yes,V5,30.0,V9,V1,V3,V1,1907,V3,V4,96370,V1,4520,4,V3,V2,1,V2,4,V3,1.0
626,0.0,24,yes,V3,18.0,V3,V1,V2,V1,866,V3,V2,56880,V3,3946,2,V2,V1,1,V2,4,V4,1.0
627,0.0,26,yes,V3,48.0,V9,V1,V4,V1,3608,V2,V3,44179,V1,4628,1,V1,V1,1,V2,1,V2,1.0
628,0.0,33,yes,V3,6.0,V3,V5,V4,V1,1897,V3,V2,32091,V1,4116,2,V4,V1,2,V2,1,V3,2.0
629,0.0,43,yes,V5,26.0,V9,V1,V1,V4,2442,V2,V4,17629,V1,6844,4,V4,V2,4,V2,4,V3,2.0
630,1.0,24,yes,V2,24.0,V7,V1,V2,V4,1354,V3,V2,23058,V1,4859,4,V2,V2,1,V2,3,V2,1.0
631,0.0,40,yes,V3,5.0,V7,V4,V4,V1,249,V1,V2,53693,V1,4041,2,V4,V1,2,V2,2,V2,1.0
632,0.0,26,yes,V2,15.0,V2,V1,V4,V2,2708,V1,V2,96234,V1,5503,3,V2,V1,2,V2,2,V3,1.0
633,1.0,43,yes,V3,6.0,V2,V1,V1,V1,3384,V3,V4,27209,V1,3526,4,V4,V2,1,V1,1,V1,1.0
634,1.0,40,yes,V5,36.0,V2,V1,V1,V2,2711,V1,V3,65959,V1,4480,2,V2,V1,1,V2,2,V3,2.0
635,0.0,21,yes,V2,17.0,V2,V1,V1,V4,3649,V3,V3,68534,V1,5298,4,V2,V1,1,V1,1,V2,1.0
636,0.0,25,yes,V3,5.0,V7,V1,V4,V2,3517,V3,V3,24766,V3,5970,3,V2,V1,1,V1,2,V3,1.0
637,1.0,42,yes,V1,11.0,V9,V1,V4,V4,2291,V2,V4,42864,V1,5470,2,V4,V2,2,V2,4,V3,1.0
638,1.0,25,yes,V2,11.0,V7,V1,V2,V4,1295,V3,V3,5783,V1,6021,1,V2,V1,1,V1,3,V2,1.0
639,0.0,30,yes,V3,17.0,V1,V5,V4,V2,3378,V3,V3,68845,V1,3897,1,V2,V2,1,V2,2,V3,1.0
640,1.0,20,yes,V3,29.0,V2,V2,V2,V4,3441,V3,V3,48960,V2,5091,4,V2,V1,1,V1,2,V2,1.0
641,0.0,38,no,V3,11.0,V7,V1,V1,V1,2121,V3,V2,20279,V1,6825,2,V4,V1,2,V1,3,V3,2.0
642,0.0,28,yes,V3,23.0,V3,V1,V4,V2,1412,V3,V3,32604,V1,3429,2,V2,V1,1,V2,4,V4,1.0
643,0.0,33,yes,V4,24.0,V9,V5,V2,V3,2825,V3,V3,30302,V1,5752,3,V4,V2,2,V2,4,V3,2.0
644,1.0,33,yes,V3,18.0,V2,V1,V3,V1,2863,V3,V2,20628,V1,6397,1,V2,V1,1,V2,2,V3,2.0
645,0.0,20,yes,V3,23.0,V9,V1,V1,V4,6567,V2,V2,29831,V1,4434,2,V2,V1,1,V2,2,V4,1.0
646,0.0,47,yes,V5,27.0,V5,V5,V4,V2,5189,V3,V3,16293,V1,6705,4,V2,V2,4,V2,4,V3,2.0
647,1.0,73,yes,V5,9.0,V1,V1,V2,V3,5129,V1,V4,81523,V1,4707,4,V1,V2,1,V3,2,V2,2.0
648,1.0,46,yes,V2,12.0,V7,V1,V1,V4,697,V1,V3,38122,V1,6043,2,V1,V2,2,V2,4,V3,1.0
649,0.0,35,yes,V2,17.0,V2,V1,V4,V4,3779,V3,V4,20543,V1,4139,2,V4,V2,2,V2,3,V1,1.0
650,1.0,38,yes,V4,47.0,V1,V1,V1,V3,10296,V2,V3,63183,V1,4502,4,V2,V2,3,V3,4,V3,2.0
651,0.0,49,yes,V5,20.0,V2,V1,V4,V1,2240,V3,V3,44653,V1,6198,2,V2,V1,2,V2,4,V3,1.0
652,0.0,30,yes,V3,14.0,V1,V1,V4,V4,4656,V3,V3,19836,V1,6876,2,V2,V2,1,V2,3,V3,1.0
653,1.0,37,yes,V3,36.0,V6,V1,V4,V3,1819,V2,V3,52823,V1,7805,4,V2,V2,1,V3,4,V3,1.0
654,0.0,26,yes,V2,18.0,V3,V1,V4,V1,1452,V3,V3,35685,V1,5292,1,V2,V1,1,V2,3,V2,1.0
655,1.0,48,yes,V3,11.0,V7,V1,V1,V4,1082,V1,V3,49983,V1,4767,4,V5,V1,2,V2,4,V3,1.0
656,0.0,43,yes,V4,8.0,V3,V1,V2,V1,760,V3,V2,11581,V3,7271,2,V2,V1,1,V2,4,V2,1.0
657,0.0,32,yes,V3,9.0,V1,V2,V4,V1,2847,V3,V3,19754,V2,4869,2,V2,V1,1,V2,1,V3,2.0
658,0.0,39,yes,V1,20.347666971637693,V2,V1,V2,V2,7374,V2,V4,49681,V1,4593,4,V4,V2,2,V2,4,V3,1.0
659,0.0,33,yes,V5,14.0,V3,V2,V4,V4,1569,V1,V2,56138,V1,6776,4,V1,V1,1,V2,4,V3,2.0
660,0.0,37,yes,V4,36.0,V7,V1,V4,V4,3535,V3,V3,19836,V1,4738,4,V4,V2,2,V2,4,V3,1.0
661,0.0,34,yes,V3,35.0,V6,V5,V4,V3,9055,V3,V2,26328,V1,4364,4,V2,V2,1,V3,2,V3,2.0
662,0.0,57,yes,V3,24.0,V3,V3,V3,V4,1257,V3,V2,53076,V1,3830,3,V2,V1,1,V2,3,V2,1.0
663,0.0,57,yes,V5,11.0,V9,V5,V4,V3,1264,V3,V2,19034,V1,3766,4,V4,V1,1,V1,4,V3,1.0
664,0.0,25,yes,V3,14.0,V2,V1,V1,V2,1432,V3,V3,20738,V1,5071,3,V4,V1,2,V1,4,V2,1.0
665,1.0,21,yes,V4,11.0,V8,V1,V1,V2,902,V3,V3,35631,V1,4939,4,V2,V1,1,V1,4,V4,1.0
666,0.0,25,yes,V3,8.0,V2,V1,V4,V1,1388,V3,V3,36358,V1,5380,2,V2,V1,1,V1,4,V2,1.0
667,0.0,26,yes,V3,23.0,V2,V1,V3,V1,1925,V3,V3,12081,V1,5457,2,V2,V1,1,V2,2,V3,1.0
668,0.0,35,yes,V5,35.0,V1,V1,V4,V2,5842,V3,V3,7067,V1,5201,2,V4,V2,2,V2,2,V3,2.0
669,1.0,33,yes,V5,17.0,V7,V1,V1,V1,3966,V1,V3,23225,V1,4054,4,V4,V2,3,V1,1,V2,1.0
670,0.0,38,yes,V5,29.0,V3,V1,V1,V2,2522,V3,V3,52590,V3,3946,3,V2,V1,1,V2,1,V3,2.0
671,0.0,24,yes,V3,5.0,V3,V1,V4,V1,932,V3,V3,60412,V1,4905,2,V3,V1,1,V2,3,V2,1.0
672,0.0,37,yes,V5,11.0,V8,V5,V2,V2,754,V3,V3,57938,V1,4067,4,V2,V1,2,V2,4,V3,1.0
673,1.0,22,yes,V4,23.0,V7,V1,V1,V4,1442,V3,V3,28595,V1,4628,4,V2,V1,2,V1,4,V2,1.0
674,0.0,38,yes,V5,12.0,V3,V5,V4,V1,1240,V3,V3,13981,V1,4590,2,V4,V2,2,V2,4,V2,1.0
675,0.0,34,yes,V5,23.0,V1,V1,V4,V4,2670,V3,V4,15338,V1,3855,4,V2,V2,1,V2,4,V3,1.0
676,0.0,43,yes,V3,17.0,V5,V1,V2,V1,6203,V3,V2,38979,V1,6423,4,V3,V2,1,V2,2,V3,2.0
677,0.0,46,yes,V5,6.0,V3,V5,V4,V2,729,V3,V2,89033,V1,3726,2,V4,V2,2,V1,4,V3,1.0
678,1.0,21,yes,V1,12.0,V4,V2,V1,V2,740,V3,V3,15596,V1,5857,3,V2,V1,1,V2,4,V2,1.0
679,1.0,23,yes,V4,35.0,V1,V1,V1,V4,9628,V3,V3,53337,V1,3998,4,V4,V2,2,V2,4,V3,1.0
680,0.0,32,yes,V3,24.0,V6,V5,V4,V4,1926,V3,V3,31168,V1,6526,2,V4,V2,2,V2,3,V2,1.0
681,1.0,26,yes,V4,60.0,V7,V1,V2,V3,14027,V3,V4,25233,V1,4338,2,V2,V2,1,V2,4,V3,1.0
682,0.0,49,yes,V3,5.0,V1,V3,V4,V2,1235,V3,V3,72487,V1,3716,4,V2,V1,1,V1,2,V3,1.0
683,1.0,27,yes,V2,24.0,V7,V1,V1,V2,3122,V3,V3,25107,V1,3731,1,V2,V1,1,V2,4,V2,1.0
684,0.0,30,yes,V3,17.0,V7,V1,V4,V2,1819,V3,V4,34896,V1,3742,2,V2,V2,1,V2,2,V4,1.0
685,1.0,21,yes,V4,9.0,V3,V1,V4,V4,1478,V3,V3,4914,V1,5192,2,V2,V1,1,V2,4,V3,1.0
686,0.0,45,yes,V5,12.0,V8,V1,V1,V4,338,V1,V2,83793,V1,3488,1,V1,V1,1,V2,4,V4,1.0
687,1.0,32,yes,V1,18.0,V2,V1,V1,V4,1131,V3,V3,15309,V1,6085,2,V2,V1,1,V2,4,V2,1.0
688,1.0,31,yes,V4,24.0,V7,V1,V1,V2,4817,V3,V3,45699,V2,6850,3,V2,V2,1,V2,2,V3,1.0
689,0.0,19,yes,V3,12.0,V3,V1,V1,V1,1107,V3,V4,17769,V1,3419,2,V2,V2,1,V1,2,V3,1.0
690,1.0,29,yes,V3,12.0,V3,V1,V1,V3,2149,V3,V3,93488,V1,5414,1,V1,V1,1,V3,4,V1,1.0
691,0.0,29,yes,V1,23.0,V1,V1,V1,V3,6579,V3,V4,20253,V1,5273,2,V2,V2,1,V3,4,V3,1.0
692,1.0,22,yes,V4,18.0,V2,V1,V4,V1,1807,V3,V3,62499,V1,3794,1,V3,V1,1,V2,4,V2,1.0
693,0.0,39,yes,V4,18.0,V2,V1,V2,V1,3001,V3,V3,42489,V1,6263,4,V2,V1,1,V1,2,V2,1.0
694,0.0,30,yes,V3,9.0,V2,V1,V2,V4,1520,V3,V2,82082,V1,5753,2,V2,V1,1,V2,4,V1,1.0
695,1.0,23,yes,V4,47.0,V7,V2,V2,V2,6560,V3,V3,48124,V1,5139,2,V2,V1,1,V2,3,V3,1.0
696,0.0,30,yes,V2,47.0,V7,V3,V2,V4,8357,V3,V3,71103,V1,4460,1,V5,V1,2,V2,1,V2,1.0
697,0.0,35,yes,V3,12.0,V8,V3,V4,V1,3446,V3,V2,75765,V1,5361,3,V1,V1,1,V2,4,V2,2.0
698,0.0,37,no,V4,5.0,V7,V1,V1,V2,608,V3,V3,88128,V1,6142,3,V4,V1,2,V2,4,V2,1.0
699,0.0,36,yes,V3,10.0,V4,V1,V3,V4,1225,V3,V3,29272,V1,6070,2,V2,V2,1,V2,2,V3,1.0
700,0.0,40,yes,V4,36.0,V2,V3,V4,V4,7677,V3,V3,96318,V1,3263,4,V3,V2,2,V2,2,V2,1.0
701,0.0,27,no,V2,15.0,V3,V1,V1,V1,1052,V3,V3,33821,V1,3954,2,V2,V1,1,V2,4,V4,1.0
702,0.0,19,yes,V3,11.0,V3,V1,V2,V1,584,V3,V3,52485,V2,5550,4,V3,V1,2,V1,4,V4,1.0
703,1.0,24,yes,V2,14.0,V3,V1,V3,V1,2326,V3,V2,14498,V1,4407,3,V2,V1,1,V2,2,V2,1.0
704,0.0,36,yes,V4,24.0,V9,V2,V2,V4,6966,V3,V4,35492,V1,4428,4,V3,V2,1,V1,4,V3,1.0
705,1.0,39,yes,V5,35.0,V6,V5,V1,V3,1977,V3,V4,109829,V1,4549,4,V2,V2,1,V2,4,V3,1.0
706,0.0,23,yes,V2,10.0,V2,V1,V4,V1,2146,V3,V3,11961,V1,4791,3,V4,V1,2,V1,1,V2,1.0
707,0.0,22,yes,V3,12.0,V3,V1,V2,V1,3572,V3,V2,56493,V1,5277,1,V4,V1,1,V2,1,V2,1.0
708,0.0,22,yes,V5,15.0,V1,V4,V4,V3,3367,V3,V3,82431,V1,5837,4,V4,V2,2,V1,3,V3,1.0
709,1.0,27,yes,V4,11.0,V5,V1,V1,V1,1107,V3,V3,20696,V1,4309,3,V5,V1,2,V2,4,V3,1.0
710,1.0,39,yes,V3,20.0,V7,V5,V1,V2,1647,V3,V2,35027,V1,4748,2,V1,V1,2,V2,4,V3,2.0
711,1.0,30,yes,V3,35.0,V9,V1,V2,V1,4455,V2,V4,48074,V1,4146,2,V3,V2,2,V2,2,V1,1.0
712,1.0,36,yes,V3,24.0,V9,V1,V2,V1,4240,V3,V2,31504,V1,5424,4,V5,V2,3,V2,1,V3,1.0
713,1.0,32,yes,V3,17.0,V7,V5,V2,V2,1042,V3,V3,66783,V1,5035,2,V2,V1,1,V2,4,V2,1.0
714,0.0,33,yes,V3,23.0,V5,V1,V4,V1,2057,V3,V3,51766,V1,4251,2,V4,V2,2,V2,4,V1,1.0
715,0.0,33,yes,V4,24.0,V7,V4,V4,V4,1525,V3,V3,12192,V1,3536,3,V2,V2,1,V2,4,V2,2.0
716,0.0,39,yes,V2,18.0,V3,V1,V4,V1,1473,V3,V3,41598,V1,4044,4,V2,V2,1,V2,3,V4,1.0
717,0.0,35,yes,V5,14.0,V7,V3,V4,V3,5323,V3,V3,71452,V1,4135,4,V2,V1,1,V3,1,V2,1.0
718,0.0,30,yes,V5,24.0,V3,V3,V4,V4,3429,V3,V3,12706,V1,3814,2,V2,V2,1,V2,3,V3,2.0
719,0.0,52,yes,V3,5.0,V7,V2,V4,V4,362,V3,V2,145341,V1,5635,4,V4,V1,2,V2,4,V2,1.0
720,1.0,26,yes,V3,35.0,V1,V1,V1,V2,8228,V3,V3,68274,V1,5050,2,V2,V1,1,V2,2,V3,2.0
721,0.0,41,yes,V3,11.0,V3,V4,V3,V1,408,V3,V3,17092,V1,3615,3,V1,V1,2,V1,3,V2,1.0
722,1.0,22,yes,V2,24.0,V3,V2,V2,V4,3092,V3,V3,9633,V1,5181,2,V2,V2,1,V1,3,V4,1.0
723,1.0,20,yes,V3,24.0,V3,V1,V1,V1,1986,V3,V2,8373,V1,5275,4,V2,V1,1,V1,2,V3,2.0
724,0.0,32,yes,V4,24.0,V7,V2,V1,V4,2324,V1,V3,26566,V1,4341,3,V1,V1,1,V2,2,V3,1.0
725,1.0,26,yes,V2,8.0,V7,V1,V1,V3,1421,V3,V4,9892,V1,7090,2,V2,V2,1,V3,3,V3,1.0
726,0.0,26,yes,V4,23.0,V7,V2,V4,V2,2463,V3,V3,8577,V1,5750,3,V4,V2,2,V2,4,V4,1.0
727,0.0,36,yes,V4,19.0,V1,V5,V2,V2,7057,V1,V4,45324,V1,5794,4,V3,V2,2,V1,3,V3,2.0
728,1.0,22,yes,V2,17.0,V7,V1,V1,V4,976,V3,V2,52594,V1,4652,2,V2,V1,1,V2,1,V2,1.0
729,0.0,42,yes,V3,23.0,V3,V4,V4,V1,1515,V3,V2,17686,V1,5602,1,V4,V1,2,V2,4,V2,1.0
730,0.0,37,yes,V2,10.0,V7,V1,V3,V2,3949,V3,V2,66835,V3,4300,1,V2,V1,1,V2,1,V3,2.0
731,0.0,54,yes,V5,14.0,V3,V1,V4,V4,3568,V1,V4,55700,V1,5768,2,V2,V2,1,V1,4,V2,1.0
732,0.0,44,yes,V3,23.0,V9,V3,V4,V4,2375,V3,V3,18647,V1,5498,2,V3,V2,2,V2,4,V3,2.0
733,0.0,29,yes,V4,18.0,V7,V2,V1,V4,2249,V3,V4,81734,V1,6243,3,V2,V2,1,V2,4,V3,2.0
734,0.0,29,yes,V3,17.0,V7,V2,V2,V4,5865,V3,V3,12985,V1,8066,2,V2,V2,2,V2,2,V3,1.0
735,0.0,23,yes,V2,4.0,V2,V1,V4,V1,601,V3,V2,42242,V1,5391,3,V2,V1,1,V1,1,V2,2.0
736,0.0,48,yes,V3,23.0,V1,V5,V4,V3,9277,V3,V3,33596,V1,4678,4,V2,V2,1,V3,2,V1,1.0
737,0.0,32,yes,V4,12.0,V7,V1,V2,V4,6077,V3,V3,26547,V1,3358,2,V2,V1,1,V2,2,V3,1.0
738,0.0,26,yes,V4,15.0,V9,V1,V3,V2,2686,V3,V3,14924,V1,3990,4,V2,V2,1,V1,2,V3,1.0
739,0.0,39,yes,V1,18.0,V9,V1,V2,V4,3590,V3,V1,28872,V1,4535,3,V4,V2,3,V2,3,V4,2.0
740,0.0,26,yes,V3,24.0,V2,V1,V1,V4,4019,V2,V3,94709,V1,3736,2,V2,V1,1,V2,2,V3,1.0
741,0.0,45,yes,V5,21.0,V1,V5,V4,V1,2475,V3,V4,54664,V1,4359,4,V2,V2,1,V2,4,V3,1.0
742,0.0,24,yes,V3,9.0,V3,V1,V2,V1,458,V3,V3,62802,V1,6357,3,V2,V1,1,V2,4,V3,1.0
743,1.0,20,yes,V4,12.0,V3,V2,V1,V2,674,V3,V3,43482,V1,4541,1,V2,V1,1,V2,4,V4,1.0
744,0.0,36,yes,V3,23.0,V7,V1,V4,V4,2022,V3,V3,13643,V1,4424,4,V4,V2,1,V2,4,V2,1.0
745,0.0,38,yes,V5,20.347666971637693,V7,V1,V1,V3,860,V3,V3,53559,V1,5819,4,V4,V2,2,V2,1,V2,1.0
746,0.0,49,yes,V5,12.0,V2,V5,V4,V2,5801,V3,V3,97558,V1,4228,4,V4,V2,1,V1,2,V3,1.0
747,0.0,34,yes,V2,11.0,V3,V1,V4,V4,1492,V3,V3,38811,V1,4322,3,V2,V1,1,V2,4,V2,2.0
748,1.0,27,yes,V1,29.0,V7,V1,V2,V4,4248,V3,V4,20821,V1,3601,2,V4,V1,2,V2,4,V4,1.0
749,0.0,58,yes,V4,11.0,V3,V1,V1,V1,385,V3,V2,70979,V1,4887,3,V4,V2,4,V2,4,V2,1.0
750,0.0,32,yes,V3,18.0,V3,V1,V4,V3,1504,V3,V4,58385,V1,6359,2,V2,V2,1,V3,4,V3,1.0
751,0.0,39,yes,V4,5.0,V8,V5,V2,V2,932,V3,V2,36984,V1,4125,3,V4,V1,2,V2,1,V2,1.0
752,0.0,27,yes,V2,12.0,V7,V2,V2,V4,1994,V3,V3,9890,V1,6723,1,V4,V1,1,V2,4,V3,1.0
753,0.0,28,yes,V2,23.0,V7,V1,V4,V1,1248,V3,V3,70356,V1,5677,2,V2,V1,1,V2,4,V4,1.0
754,1.0,41,yes,V3,17.0,V2,V1,V1,V4,4153,V3,V3,30484,V2,5893,3,V2,V1,1,V2,2,V3,1.0
755,0.0,36,yes,V5,24.0,V3,V2,V4,V1,2872,V3,V3,7710,V1,4978,4,V4,V2,1,V2,3,V3,2.0
756,1.0,37,yes,V3,36.0,V7,V5,V2,V3,12389,V3,V3,58330,V1,5295,4,V2,V2,1,V3,1,V3,1.0
757,0.0,24,yes,V4,36.0,V3,V1,V2,V4,2323,V3,V3,98719,V1,4421,4,V2,V1,1,V1,4,V3,1.0
758,0.0,27,yes,V4,11.0,V3,V1,V2,V1,2929,V3,V3,28067,V1,2943,1,V2,V1,1,V2,2,V2,1.0
759,1.0,28,yes,V3,8.0,V3,V1,V3,V1,744,V3,V2,108794,V1,5119,2,V2,V1,1,V2,3,V2,1.0
760,0.0,30,yes,V3,47.0,V6,V1,V4,V3,6109,V1,V3,14654,V1,3075,3,V4,V2,1,V3,1,V3,1.0
761,1.0,33,yes,V2,11.0,V7,V1,V1,V1,2579,V3,V2,76705,V1,5979,1,V2,V1,1,V2,4,V3,2.0
762,0.0,31,yes,V3,24.0,V9,V1,V4,V3,3862,V3,V3,30795,V1,4382,2,V3,V1,1,V3,1,V3,1.0
763,0.0,28,yes,V2,11.0,V3,V1,V4,V4,2171,V1,V3,15261,V1,4630,2,V2,V1,1,V2,2,V2,1.0
764,0.0,40,yes,V3,15.0,V3,V5,V4,V1,1386,V3,V3,83786,V1,5514,2,V2,V2,1,V1,4,V4,1.0
765,1.0,25,yes,V3,30.0,V9,V2,V2,V4,4280,V3,V2,12264,V1,4508,4,V5,V1,2,V1,4,V2,1.0
766,1.0,23,yes,V3,12.0,V7,V5,V1,V4,899,V3,V3,46653,V1,5629,2,V2,V1,1,V2,4,V4,1.0
767,0.0,35,yes,V2,18.0,V9,V4,V2,V1,1912,V1,V3,58230,V1,4879,3,V2,V2,1,V2,3,V4,1.0
768,1.0,43,yes,V4,23.0,V2,V1,V2,V4,4056,V3,V3,27675,V1,7023,3,V2,V2,1,V2,3,V1,1.0
769,0.0,53,yes,V2,23.0,V7,V5,V4,V2,2254,V3,V3,22240,V1,5856,1,V2,V1,1,V2,4,V3,1.0
770,0.0,30,yes,V2,25.0,V1,V1,V2,V4,7965,V3,V3,41669,V1,3397,3,V2,V1,2,V2,2,V3,1.0
771,0.0,34,yes,V2,46.0,V7,V1,V1,V1,10722,V3,V2,51390,V1,5254,1,V2,V2,1,V2,1,V2,1.0
772,0.0,30,yes,V3,36.0,V1,V1,V4,V2,8133,V1,V3,21820,V1,5164,2,V2,V1,1,V2,1,V2,1.0
773,0.0,32,yes,V3,6.0,V2,V3,V4,V4,2977,V3,V3,29272,V1,5209,2,V2,V2,1,V2,1,V3,1.0
774,0.0,25,yes,V3,30.0,V9,V2,V4,V2,4272,V3,V2,32073,V1,4862,2,V3,V1,2,V2,2,V3,1.0
775,0.0,37,yes,V4,23.0,V7,V2,V2,V4,3512,V1,V3,30934,V1,4003,3,V2,V2,2,V2,2,V3,1.0
776,0.0,20,yes,V3,14.0,V2,V3,V4,V4,2221,V3,V3,33788,V1,3600,4,V2,V1,1,V1,2,V2,1.0
777,0.0,23,yes,V3,11.0,V2,V1,V4,V1,1768,V3,V2,108243,V1,4655,2,V2,V1,1,V1,3,V3,1.0
778,0.0,25,yes,V3,17.0,V3,V1,V2,V1,1113,V3,V2,4079,V3,2272,4,V2,V1,1,V2,4,V2,2.0
779,0.0,42,yes,V3,12.0,V2,V1,V1,V4,2576,V3,V3,101555,V1,4472,1,V2,V1,1,V2,2,V1,1.0
780,1.0,39,yes,V5,24.0,V10,V5,V1,V4,1358,V2,V4,8748,V1,4868,3,V1,V2,1,V2,4,V3,1.0
781,1.0,42,yes,V5,15.0,V7,V1,V1,V2,2625,V1,V3,23564,V3,4021,4,V4,V2,1,V1,2,V3,1.0
782,0.0,24,yes,V3,12.0,V3,V1,V4,V4,1262,V3,V3,11532,V1,5844,2,V2,V1,1,V2,3,V3,1.0
783,0.0,31,yes,V4,23.0,V2,V5,V4,V4,928,V2,V3,50721,V1,3539,2,V2,V2,1,V2,4,V3,1.0
784,0.0,25,yes,V4,27.0,V9,V1,V4,V4,5117,V3,V3,100454,V1,3343,4,V3,V1,2,V2,3,V3,1.0
785,0.0,62,yes,V5,24.0,V1,V1,V1,V2,2957,V3,V3,23313,V1,4098,4,V4,V2,2,V2,4,V3,1.0
786,0.0,35,yes,V2,11.0,V7,V1,V4,V4,1393,V3,V4,56904,V1,6210,4,V4,V1,2,V2,4,V2,1.0
787,0.0,35,yes,V4,30.0,V3,V5,V4,V2,6741,V3,V3,18268,V1,5402,3,V4,V1,2,V2,2,V3,1.0
788,1.0,31,yes,V2,23.0,V3,V1,V1,V2,1937,V3,V3,28153,V1,5602,3,V2,V1,1,V2,4,V1,1.0
789,0.0,24,yes,V3,14.0,V2,V1,V1,V2,974,V3,V3,24848,V1,3928,3,V4,V1,2,V2,2,V1,1.0
790,0.0,24,yes,V3,30.0,V3,V5,V2,V4,2991,V3,V3,59370,V1,4507,4,V2,V1,1,V2,2,V2,1.0
791,0.0,27,yes,V4,24.0,V3,V3,V4,V4,1375,V3,V3,11015,V1,4316,1,V2,V1,1,V2,4,V2,1.0
792,0.0,41,yes,V4,4.0,V7,V1,V4,V1,1455,V3,V2,12469,V1,5444,1,V4,V1,3,V2,2,V3,2.0
793,0.0,45,yes,V5,6.0,V3,V3,V4,V2,1749,V1,V2,10964,V1,3422,4,V1,V1,1,V2,2,V3,2.0
794,1.0,25,yes,V2,48.0,V2,V1,V2,V4,9960,V3,V3,39401,V1,3532,2,V2,V2,1,V2,1,V2,1.0
795,1.0,30,yes,V5,36.0,V2,V1,V1,V4,2746,V1,V3,19912,V1,6303,4,V1,V1,1,V2,4,V3,1.0
796,1.0,23,yes,V2,48.0,V9,V1,V1,V2,4307,V3,V3,62177,V1,5396,4,V2,V1,1,V1,3,V2,1.0
797,0.0,43,yes,V2,20.0,V7,V5,V4,V1,3484,V3,V3,51824,V1,5701,4,V4,V2,2,V2,2,V1,1.0
798,0.0,28,yes,V3,24.0,V2,V1,V1,V2,4169,V3,V3,48853,V1,5305,4,V2,V1,1,V2,4,V3,1.0
799,1.0,32,yes,V1,47.0,V9,V1,V4,V4,4843,V1,V4,20466,V1,5787,2,V2,V2,1,V1,3,V3,1.0
800,0.0,20,yes,V2,17.0,V3,V5,V4,V1,1126,V3,V3,74311,V1,5213,2,V2,V2,1,V1,4,V2,1.0
801,0.0,34,yes,V2,9.0,V7,V5,V2,V1,1548,V3,V1,22049,V1,5596,2,V2,V1,1,V2,4,V3,1.0
802,1.0,32,yes,V1,23.0,V2,V2,V1,V2,2358,V3,V3,2296,V1,5802,1,V2,V1,1,V2,1,V1,1.0
803,1.0,27,yes,V4,12.0,V7,V3,V3,V1,938,V3,V3,18220,V1,6664,2,V4,V2,3,V2,4,V4,1.0
804,0.0,39,yes,V4,10.0,V8,V5,V4,V2,893,V3,V3,8750,V1,4996,3,V2,V2,1,V2,4,V2,1.0
805,0.0,25,yes,V5,11.0,V3,V1,V4,V3,1933,V3,V3,44684,V1,5934,2,V4,V1,2,V2,2,V3,1.0
806,0.0,38,yes,V1,11.0,V7,V1,V4,V2,925,V3,V1,40671,V1,4264,2,V4,V1,1,V2,1,V2,1.0
807,1.0,31,yes,V4,18.0,V7,V1,V4,V2,2774,V1,V3,69441,V1,4061,2,V4,V1,2,V2,2,V3,1.0
808,0.0,46,no,V5,5.0,V7,V1,V3,V1,1342,V3,V3,5979,V1,5746,4,V4,V1,2,V2,1,V3,2.0
809,1.0,24,yes,V3,8.0,V2,V1,V2,V1,1236,V3,V3,17883,V1,3254,4,V2,V1,1,V2,3,V2,1.0
810,0.0,21,yes,V3,9.0,V7,V1,V2,V1,276,V3,V2,7900,V1,4539,4,V2,V1,1,V1,4,V4,1.0
811,0.0,36,yes,V4,47.0,V3,V3,V4,V4,12749,V3,V4,13000,V1,3263,1,V3,V2,1,V2,4,V3,1.0
812,0.0,22,yes,V2,11.0,V2,V1,V4,V2,1257,V3,V2,44542,V1,3533,4,V4,V1,2,V1,2,V2,1.0
813,0.0,67,yes,V5,5.0,V3,V5,V1,V1,1168,V3,V3,22703,V1,2885,4,V4,V2,2,V2,4,V3,1.0
814,0.0,37,yes,V4,24.0,V1,V1,V4,V4,7813,V3,V4,57158,V1,6093,3,V2,V2,1,V2,3,V3,1.0
815,0.0,46,yes,V3,18.0,V3,V4,V4,V1,1149,V3,V3,9500,V1,3256,3,V4,V1,2,V2,4,V3,1.0
816,0.0,35,no,V4,12.0,V2,V4,V4,V2,1591,V3,V3,49513,V1,4896,2,V4,V1,1,V2,3,V2,1.0
817,0.0,36,yes,V5,36.0,V9,V5,V4,V2,7409,V3,V3,17827,V1,4298,2,V2,V1,2,V2,3,V3,1.0
818,1.0,24,yes,V3,23.0,V7,V5,V1,V1,1370,V3,V3,107521,V1,6433,4,V2,V1,1,V1,4,V2,1.0
819,0.0,42,yes,V5,35.0,V1,V5,V4,V3,10476,V3,V3,30852,V1,4248,4,V4,V1,2,V3,2,V3,1.0
820,0.0,34,yes,V5,15.0,V3,V5,V4,V4,1979,V3,V3,24073,V1,4407,2,V2,V1,1,V2,4,V3,1.0
821,0.0,33,yes,V5,12.0,V2,V1,V4,V2,2758,V3,V3,22084,V1,4806,4,V5,V1,2,V2,2,V3,1.0
822,0.0,29,yes,V3,11.0,V7,V1,V1,V2,1892,V3,V3,32803,V3,5143,4,V2,V2,1,V2,4,V2,1.0
823,1.0,29,yes,V2,24.0,V2,V3,V1,V3,3348,V3,V3,26865,V1,4321,4,V1,V2,1,V3,4,V3,2.0
824,0.0,46,yes,V3,36.0,V2,V1,V1,V2,2348,V3,V3,54450,V1,4642,2,V4,V2,2,V2,3,V4,1.0
825,0.0,48,yes,V3,11.0,V3,V1,V2,V1,1092,V3,V3,63248,V3,4569,4,V2,V2,2,V2,4,V2,1.0
826,0.0,38,yes,V4,35.0,V7,V1,V1,V3,3249,V1,V4,5599,V1,3551,4,V2,V2,1,V3,2,V3,2.0
827,0.0,20,yes,V5,24.0,V3,V1,V2,V4,1967,V3,V3,40854,V1,3511,4,V2,V2,1,V2,4,V2,1.0
828,0.0,37,no,V3,12.0,V7,V1,V1,V2,2171,V1,V2,63814,V1,4648,4,V4,V1,2,V2,4,V3,1.0
829,0.0,27,yes,V3,11.0,V3,V2,V4,V1,2073,V3,V3,51300,V2,4038,2,V2,V1,1,V2,4,V2,1.0
830,0.0,28,yes,V5,5.0,V3,V1,V2,V4,1067,V3,V3,10041,V1,5995,4,V2,V1,1,V2,4,V3,2.0
831,0.0,26,yes,V4,21.0,V2,V1,V1,V4,3598,V3,V2,4989,V1,4898,4,V2,V1,1,V1,1,V2,1.0
832,0.0,40,yes,V4,41.0,V9,V1,V2,V1,5953,V1,V2,59319,V1,4699,1,V4,V1,2,V2,2,V2,1.0
833,0.0,46,yes,V5,47.0,V3,V5,V4,V1,3578,V3,V3,41049,V1,3651,1,V4,V2,1,V2,4,V3,1.0
834,0.0,27,yes,V3,5.0,V3,V1,V4,V4,1382,V3,V3,14314,V1,5222,1,V4,V2,2,V2,1,V2,1.0
835,0.0,31,yes,V4,17.0,V9,V1,V1,V2,3104,V1,V3,19664,V1,3612,1,V5,V2,1,V2,3,V3,1.0
836,0.0,33,yes,V3,15.0,V3,V1,V4,V1,1478,V1,V3,83291,V1,4103,3,V3,V1,2,V2,4,V4,1.0
837,0.0,73,yes,V4,5.0,V9,V1,V4,V1,3448,V3,V2,47486,V1,6387,4,V2,V1,1,V2,1,V3,1.0
838,0.0,39,yes,V3,10.0,V7,V1,V4,V2,7227,V3,V2,46302,V1,3601,4,V4,V1,2,V2,1,V3,1.0
839,0.0,56,yes,V2,6.0,V6,V1,V4,V3,1537,V3,V3,118859,V1,3816,2,V2,V1,1,V2,1,V2,1.0
840,1.0,47,yes,V5,36.0,V1,V5,V1,V3,8334,V3,V3,71839,V1,4565,4,V2,V1,1,V3,3,V3,1.0
841,0.0,39,yes,V4,12.0,V9,V2,V2,V1,1037,V3,V2,15280,V1,4686,4,V2,V1,1,V2,3,V3,1.0
842,1.0,38,yes,V2,23.0,V3,V2,V2,V3,1216,V1,V3,64626,V1,6290,4,V4,V1,2,V2,4,V3,2.0
843,0.0,51,yes,V4,5.0,V3,V1,V4,V2,1594,V3,V3,102291,V1,5612,2,V2,V1,1,V2,3,V3,2.0
844,0.0,46,yes,V5,9.0,V6,V3,V4,V3,726,V3,V3,57988,V1,5390,4,V2,V2,1,V3,4,V3,1.0
845,1.0,46,yes,V5,12.0,V7,V1,V2,V1,1222,V3,V3,61161,V1,6667,1,V2,V1,2,V1,1,V1,1.0
846,0.0,48,yes,V5,11.0,V3,V5,V4,V1,2330,V3,V3,25501,V2,5587,4,V4,V2,1,V2,1,V3,1.0
847,0.0,26,yes,V3,11.0,V7,V1,V1,V1,1167,V3,V2,49197,V1,4966,3,V2,V1,1,V2,4,V4,1.0
848,1.0,39,yes,V3,24.0,V10,V1,V2,V4,11938,V3,V4,18165,V2,5058,3,V4,V2,2,V2,2,V3,2.0
849,0.0,33,no,V3,8.0,V3,V1,V2,V1,1414,V3,V3,33354,V3,3442,2,V2,V1,1,V2,4,V3,1.0
850,0.0,23,yes,V2,8.0,V4,V1,V4,V1,1235,V3,V3,53016,V1,3444,4,V2,V2,1,V1,1,V2,1.0
851,0.0,35,yes,V4,12.0,V7,V3,V2,V4,2366,V3,V4,32248,V1,4689,3,V4,V2,1,V2,3,V1,1.0
852,0.0,34,yes,V5,14.0,V9,V3,V2,V1,1409,V3,V3,35445,V1,2587,2,V2,V2,1,V2,1,V4,1.0
853,0.0,30,yes,V3,14.0,V6,V2,V4,V4,1531,V3,V3,28262,V1,3616,3,V4,V1,1,V2,4,V2,1.0
854,0.0,34,yes,V4,8.0,V2,V1,V2,V4,1919,V3,V3,88093,V1,5554,3,V4,V2,1,V1,4,V3,1.0
855,1.0,27,yes,V4,47.0,V3,V4,V2,V3,10960,V1,V3,61252,V2,4325,2,V2,V2,2,V2,1,V3,1.0
856,1.0,26,yes,V4,11.0,V7,V1,V1,V1,758,V3,V3,17075,V1,5561,2,V2,V1,1,V2,4,V3,1.0
857,0.0,27,yes,V4,20.0,V9,V1,V2,V2,3652,V3,V3,17238,V1,6557,3,V4,V1,2,V2,2,V3,1.0
858,1.0,25,yes,V3,36.0,V6,V1,V1,V3,8065,V3,V4,28816,V1,4327,2,V4,V2,2,V2,3,V2,1.0
859,1.0,33,yes,V2,12.0,V3,V2,V1,V3,727,V3,V2,6663,V1,5086,3,V2,V2,1,V2,4,V4,1.0
860,0.0,35,yes,V1,6.0,V2,V1,V1,V3,1871,V3,V4,7393,V1,5367,4,V4,V2,3,V3,4,V3,1.0
861,0.0,48,yes,V5,17.0,V3,V1,V2,V1,1794,V1,V2,96636,V3,5538,4,V4,V2,2,V1,3,V2,1.0
862,1.0,44,yes,V3,24.0,V7,V1,V1,V1,2302,V3,V3,72792,V2,7182,1,V2,V1,1,V2,4,V3,1.0
863,0.0,27,yes,V3,36.0,V2,V1,V1,V2,5370,V3,V3,35308,V3,5235,2,V4,V1,2,V2,3,V3,1.0
864,0.0,26,yes,V4,23.0,V3,V2,V4,V2,1310,V3,V3,44831,V1,5755,3,V2,V2,1,V2,4,V4,1.0
865,1.0,35,yes,V4,12.0,V7,V1,V1,V4,1371,V3,V3,52310,V1,4903,3,V2,V1,1,V2,2,V1,1.0
866,1.0,20,yes,V3,18.0,V2,V1,V1,V1,2039,V1,V3,13164,V1,5786,4,V2,V1,1,V1,1,V2,1.0
867,0.0,49,yes,V5,5.0,V2,V1,V1,V2,427,V1,V3,25239,V1,4620,1,V2,V2,1,V2,2,V2,1.0
868,0.0,26,yes,V3,12.0,V2,V1,V1,V1,1657,V3,V3,30269,V1,5789,2,V2,V1,1,V2,2,V3,1.0
869,0.0,25,yes,V2,29.0,V9,V5,V1,V4,8071,V1,V3,71127,V1,6805,3,V5,V1,3,V2,2,V3,1.0
870,0.0,30,yes,V5,6.0,V9,V2,V2,V4,1448,V1,V3,19646,V1,5130,2,V3,V1,2,V2,1,V1,2.0
871,0.0,25,yes,V4,12.0,V4,V1,V2,V2,1424,V3,V3,66818,V1,4771,3,V4,V1,1,V2,4,V3,1.0
872,1.0,59,yes,V5,12.0,V2,V1,V1,V2,2246,V3,V3,40686,V1,6120,3,V4,V1,2,V2,3,V3,1.0
873,0.0,40,yes,V5,30.0,V3,V5,V4,V4,3076,V3,V3,34376,V1,4865,2,V4,V2,2,V2,3,V3,2.0
874,1.0,31,no,V3,47.0,V10,V1,V2,V2,18424,V1,V4,51593,V1,5920,2,V5,V2,1,V2,1,V2,1.0
875,0.0,22,yes,V2,29.0,V2,V1,V2,V2,3831,V3,V3,7785,V1,4497,1,V2,V1,1,V2,2,V4,1.0
876,0.0,36,yes,V5,35.0,V7,V3,V4,V2,908,V3,V3,33806,V1,5530,4,V2,V1,1,V2,4,V3,1.0
877,0.0,23,yes,V2,14.0,V4,V5,V4,V1,874,V3,V3,18179,V1,5380,1,V2,V1,1,V2,4,V2,1.0
878,1.0,30,yes,V5,24.0,V3,V2,V4,V4,3621,V3,V3,16764,V1,7198,4,V2,V1,2,V2,2,V3,1.0
879,0.0,52,yes,V5,24.0,V3,V5,V4,V2,2424,V3,V3,29584,V1,4399,4,V4,V1,2,V2,4,V3,1.0
880,0.0,39,yes,V5,12.0,V3,V1,V2,V1,1155,V1,V2,19125,V3,4978,3,V2,V1,2,V2,3,V4,1.0
881,0.0,34,yes,V4,18.0,V9,V1,V4,V4,1950,V2,V3,21416,V1,3935,1,V2,V2,2,V2,4,V3,1.0
882,1.0,59,yes,V5,23.0,V7,V1,V1,V4,1199,V3,V2,105928,V1,4396,4,V4,V1,2,V2,4,V3,1.0
883,0.0,25,yes,V3,23.0,V2,V2,V4,V4,5511,V2,V3,15784,V1,5044,1,V2,V1,1,V2,4,V3,1.0
884,0.0,34,yes,V3,35.0,V3,V1,V4,V1,4453,V3,V3,10225,V1,7605,4,V3,V1,2,V2,4,V2,1.0
885,0.0,29,yes,V4,12.0,V7,V1,V2,V2,2001,V3,V3,35721,V1,4561,4,V2,V2,1,V1,3,V3,2.0
886,0.0,26,yes,V3,11.0,V7,V1,V4,V1,1100,V3,V3,56333,V1,4229,2,V2,V2,2,V2,3,V4,1.0
887,0.0,36,yes,V4,48.0,V3,V5,V4,V4,10222,V2,V3,48813,V1,3103,3,V2,V2,1,V2,4,V3,1.0
888,1.0,37,yes,V5,15.0,V3,V1,V2,V4,802,V3,V3,36718,V1,5161,3,V2,V1,1,V2,4,V3,2.0
889,1.0,27,yes,V2,36.0,V9,V1,V4,V4,9571,V3,V3,67221,V1,4963,1,V3,V1,2,V2,1,V1,1.0
890,1.0,33,yes,V2,30.0,V5,V1,V1,V3,11997,V3,V2,61659,V1,5172,1,V2,V2,1,V2,1,V1,1.0
891,0.0,20,yes,V3,18.0,V1,V1,V2,V4,2779,V3,V3,16342,V1,4017,3,V2,V2,1,V1,1,V4,1.0
892,0.0,34,yes,V4,32.0,V1,V1,V4,V4,7252,V3,V4,18172,V1,6109,2,V4,V2,2,V2,3,V3,1.0
893,1.0,53,yes,V3,47.0,V2,V1,V1,V3,7118,V3,V3,24408,V1,6733,4,V5,V1,2,V3,3,V3,2.0
894,0.0,27,yes,V3,26.0,V3,V1,V1,V4,3415,V3,V4,25876,V1,5383,2,V2,V1,1,V2,3,V3,1.0
895,0.0,26,yes,V2,17.0,V3,V1,V1,V4,2389,V2,V3,6834,V1,3266,1,V2,V1,1,V2,4,V2,1.0
896,1.0,36,yes,V3,18.0,V9,V1,V4,V4,4164,V2,V3,37834,V1,4812,2,V5,V1,2,V2,2,V3,2.0
897,0.0,26,yes,V5,24.0,V1,V5,V1,V1,2811,V3,V3,64802,V1,5653,4,V2,V1,1,V1,2,V2,1.0
898,0.0,31,yes,V1,48.0,V10,V2,V2,V3,7582,V3,V4,18486,V1,5112,4,V3,V2,1,V3,2,V3,1.0
899,0.0,31,yes,V2,18.0,V3,V1,V4,V4,4594,V3,V3,84949,V1,6939,2,V2,V2,1,V2,3,V3,1.0
1000,,26,yes,V1,23.0,V10,V1,V4,V3,6314,V1,V4,57966,V2,4909,2,V4,V2,2,V2,4,V3,1.0
1001,,63,yes,V5,60.0,V9,V1,V1,V3,6836,V3,V3,22076,V1,3840,4,V3,V2,2,V2,3,V3,1.0
1002,,26,yes,V3,35.0,V3,V1,V3,V4,4209,V3,V3,85811,V1,4317,2,V2,V1,1,V2,4,V3,1.0
1003,,30,yes,V4,5.0,V3,V1,V1,V4,1956,V3,V3,54301,V1,6171,4,V4,V1,1,V2,1,V2,1.0
1004,,46,yes,V2,14.0,V2,V1,V1,V2,1844,V3,V3,14506,V3,4451,1,V2,V1,1,V1,4,V2,1.0
1005,,54,yes,V5,20.347666971637693,V7,V5,V4,V4,717,V3,V3,63379,V1,3934,4,V3,V2,2,V2,4,V4,1.0
1006,,25,yes,V2,45.0,V3,V1,V2,V2,4745,V3,V2,18451,V1,5740,2,V4,V1,2,V2,4,V3,1.0
1007,,35,yes,V3,15.0,V4,V3,V4,V2,1261,V3,V3,18363,V1,6510,3,V2,V2,2,V2,4,V3,1.0
1008,,42,yes,V3,36.0,V3,V1,V2,V4,3803,V3,V3,187204,V1,4603,1,V5,V2,1,V2,4,V2,1.0
1009,,29,yes,V1,23.0,V7,V1,V1,V3,1193,V3,V1,104299,V2,5343,4,V1,V1,2,V1,1,V2,1.0
1010,,57,yes,V5,11.0,V6,V1,V4,V3,2747,V1,V2,114742,V1,4407,4,V4,V1,3,V3,2,V2,1.0
1011,,24,yes,V1,12.0,V7,V5,V2,V1,7472,V3,V1,81618,V1,5767,2,V2,V1,1,V1,1,V2,1.0
1012,,41,yes,V3,60.0,V6,V1,V2,V3,6287,V3,V3,48995,V1,5227,4,V2,V1,1,V3,4,V3,1.0
1013,,26,yes,V3,59.0,V3,V5,V2,V3,9157,V3,V4,106789,V1,5961,2,V3,V1,1,V3,2,V3,1.0
1014,,26,yes,V3,12.0,V7,V3,V4,V2,1385,V3,V3,17283,V1,4576,2,V2,V1,1,V2,2,V2,1.0
1015,,27,yes,V3,17.0,V9,V1,V4,V4,2168,V3,V3,14241,V1,7035,2,V3,V2,1,V2,4,V4,1.0
1016,,28,yes,V4,9.0,V7,V2,V2,V3,1437,V3,V3,1900,V1,4663,3,V1,V1,1,V2,2,V3,1.0
1017,,24,yes,V3,20.0,V3,V1,V1,V1,1834,V3,V3,32380,V1,3908,2,V2,V2,2,V2,3,V2,1.0
1018,,37,yes,V4,23.0,V7,V1,V3,V3,947,V1,V3,97970,V1,5052,3,V2,V1,1,V3,4,V3,2.0
1019,,46,yes,V2,23.0,V3,V1,V4,V3,5103,V3,V3,27211,V1,5223,3,V4,V2,3,V3,3,V4,1.0
1020,,25,yes,V4,17.0,V3,V1,V1,V1,3509,V3,V3,23682,V3,4669,1,V2,V1,1,V2,4,V2,1.0
1021,,32,yes,V4,35.0,V6,V1,V2,V4,2272,V3,V3,34708,V1,3613,1,V2,V1,2,V2,3,V3,2.0
1022,,30,yes,V1,23.0,V3,V1,V1,V4,1822,V2,V4,43901,V1,4978,2,V2,V1,1,V2,4,V3,2.0
1023,,29,yes,V4,14.0,V2,V4,V4,V2,959,V3,V3,48990,V1,4475,2,V3,V1,2,V2,3,V2,1.0
1024,,67,yes,V3,17.0,V7,V5,V4,V4,6760,V3,V3,19357,V1,4097,4,V2,V1,2,V1,2,V3,1.0
1025,,39,no,V4,7.0,V7,V1,V1,V1,3398,V3,V2,27232,V1,4357,4,V4,V1,2,V2,1,V3,1.0
1026,,42,yes,V5,27.0,V9,V1,V2,V3,8318,V3,V4,41650,V1,6299,4,V5,V2,2,V3,2,V2,1.0
1027,,50,yes,V4,11.0,V3,V1,V2,V2,4771,V3,V3,10885,V1,5246,4,V3,V1,1,V2,2,V3,1.0
1028,,42,yes,V3,24.0,V7,V1,V4,V2,7393,V3,V2,34239,V1,6648,4,V2,V1,1,V2,1,V3,2.0
1029,,26,yes,V2,12.0,V9,V1,V3,V1,608,V3,V1,43772,V1,3597,1,V1,V1,1,V2,4,V2,1.0
1030,,29,yes,V2,36.0,V2,V2,V2,V3,9033,V3,V4,33669,V2,2609,1,V2,V2,1,V1,4,V3,1.0
1031,,22,yes,V2,35.0,V2,V1,V1,V3,6228,V3,V2,97748,V2,3259,4,V4,V2,2,V1,4,V2,1.0
1032,,53,yes,V2,11.0,V6,V1,V1,V2,794,V3,V3,20110,V1,5356,4,V2,V1,1,V2,4,V2,1.0
1033,,35,yes,V3,26.0,V9,V1,V2,V4,3915,V3,V3,42579,V1,4187,2,V2,V2,1,V2,4,V3,2.0
1034,,35,yes,V5,17.0,V7,V1,V1,V3,5301,V3,V4,5004,V1,5793,4,V4,V2,3,V3,2,V3,1.0
1035,,31,yes,V3,12.0,V7,V4,V1,V2,3651,V3,V3,19079,V1,4188,3,V2,V1,1,V2,1,V3,1.0
1036,,25,yes,V3,17.0,V3,V1,V1,V4,1881,V1,V3,7244,V1,6428,4,V2,V1,2,V1,4,V2,1.0
1037,,21,yes,V3,48.0,V3,V1,V2,V1,5950,V3,V3,36961,V1,6255,2,V2,V1,1,V2,2,V2,1.0
1038,,23,yes,V3,29.0,V2,V1,V1,V1,2406,V3,V3,38422,V1,4104,4,V2,V1,1,V1,4,V2,1.0
1039,,21,yes,V2,11.0,V2,V1,V1,V4,1857,V3,V3,54097,V1,5785,1,V2,V1,1,V1,4,V2,1.0
1040,,26,yes,V3,36.0,V6,V5,V2,V4,3711,V3,V3,49468,V1,4609,2,V2,V1,1,V2,2,V4,1.0
1041,,23,yes,V3,11.0,V3,V1,V1,V2,2213,V3,V2,16753,V1,4601,3,V2,V1,1,V2,4,V3,1.0
1042,,34,yes,V1,11.0,V1,V1,V2,V4,1859,V3,V4,23724,V1,5806,2,V4,V2,2,V2,4,V3,1.0
1043,,44,yes,V4,42.0,V2,V1,V1,V2,7882,V3,V3,9693,V3,4567,4,V2,V1,1,V3,2,V3,2.0
1044,,30,yes,V5,26.0,V1,V1,V2,V4,5964,V3,V4,16195,V1,6616,2,V3,V2,2,V2,1,V3,1.0
1045,,29,yes,V3,11.0,V5,V1,V2,V4,638,V3,V3,36258,V1,6363,2,V2,V1,1,V2,4,V3,1.0
1046,,49,yes,V3,11.0,V2,V1,V4,V1,1574,V3,V3,33407,V1,5677,2,V2,V1,1,V2,4,V3,1.0
1047,,36,yes,V5,6.0,V3,V5,V4,V3,846,V3,V3,48884,V1,5750,4,V3,V1,1,V3,3,V3,1.0
1048,,27,yes,V5,12.0,V2,V1,V2,V4,3617,V3,V3,64912,V1,4798,4,V4,V2,3,V1,1,V3,1.0
1049,,28,yes,V3,18.0,V2,V1,V4,V3,1817,V3,V3,26934,V1,2644,2,V4,V1,2,V2,4,V2,1.0
1050,,36,yes,V4,23.0,V7,V5,V3,V1,1344,V1,V2,22397,V1,4555,2,V4,V1,2,V2,4,V3,2.0
1051,,22,yes,V3,12.0,V7,V4,V2,V1,1006,V3,V3,74957,V1,5419,1,V2,V1,1,V2,4,V4,1.0
1052,,32,yes,V4,24.0,V7,V5,V1,V3,1284,V3,V3,22466,V1,5604,4,V2,V1,1,V1,4,V2,1.0
1053,,30,yes,V2,30.0,V3,V2,V2,V3,1919,V2,V4,31821,V1,4539,3,V3,V1,2,V2,4,V3,1.0
1054,,33,yes,V2,12.0,V2,V1,V2,V1,3016,V3,V4,38675,V1,5562,1,V2,V1,1,V1,3,V2,1.0
1055,,37,yes,V3,18.0,V3,V1,V3,V1,2099,V2,V3,40443,V2,4448,2,V2,V1,1,V2,4,V3,1.0
1056,,28,yes,V3,14.0,V7,V1,V1,V2,3958,V3,V3,31330,V1,4908,2,V2,V2,1,V2,3,V2,1.0
1057,,37,yes,V4,47.0,V9,V1,V1,V4,7684,V3,V3,5974,V3,6086,4,V1,V1,1,V1,2,V2,1.0
1058,,31,yes,V3,23.0,V9,V1,V1,V2,3161,V3,V3,93570,V1,5590,2,V1,V2,1,V1,4,V3,1.0
1059,,33,yes,V2,21.0,V6,V1,V3,V4,2318,V3,V3,28674,V1,5875,1,V4,V1,1,V1,2,V1,1.0
1060,,39,yes,V5,21.0,V9,V1,V2,V2,1187,V3,V3,3546,V1,7437,4,V2,V1,1,V2,2,V2,2.0
1061,,50,yes,V5,47.0,V6,V1,V2,V3,6223,V3,V3,5847,V1,4391,4,V3,V1,1,V3,4,V3,1.0
1062,,31,yes,V2,6.0,V7,V2,V2,V2,930,V2,V2,21496,V1,2675,1,V1,V1,1,V2,1,V2,1.0
1063,,27,yes,V3,18.0,V2,V4,V1,V4,2658,V3,V3,46764,V1,6525,2,V2,V1,1,V2,4,V3,1.0
1064,,25,yes,V3,36.0,V3,V1,V4,V4,4463,V3,V4,25529,V1,4377,2,V3,V2,2,V2,4,V3,1.0
1065,,59,yes,V5,59.0,V10,V2,V2,V3,14782,V1,V4,47383,V1,5796,4,V1,V2,2,V3,3,V2,1.0
1066,,23,yes,V5,24.0,V2,V1,V1,V3,4110,V1,V3,59171,V1,4196,4,V5,V1,2,V1,3,V3,2.0
1067,,31,yes,V4,23.0,V3,V1,V4,V4,1552,V1,V3,88791,V1,4768,1,V2,V1,1,V2,3,V3,2.0
1068,,25,no,V3,11.0,V9,V1,V4,V1,1075,V3,V3,10858,V1,5383,2,V2,V2,1,V2,2,V4,1.0
1069,,43,yes,V5,24.0,V1,V1,V1,V3,6419,V3,V4,105272,V1,3948,4,V4,V2,2,V3,2,V2,2.0
1070,,22,yes,V3,24.0,V1,V1,V2,V4,11560,V3,V4,15526,V1,5337,4,V2,V1,2,V1,1,V2,1.0
1071,,33,yes,V3,35.0,V5,V1,V2,V3,2383,V3,V2,8566,V1,3311,1,V2,V1,1,V1,4,V3,1.0
1072,,22,yes,V2,15.0,V1,V2,V4,V4,3811,V3,V3,43920,V1,6199,4,V2,V2,1,V2,1,V2,1.0
1073,,47,yes,V5,30.0,V3,V1,V3,V2,3016,V3,V3,67205,V1,5477,4,V4,V1,1,V2,4,V3,1.0
1074,,24,yes,V2,24.0,V6,V1,V2,V3,5742,V3,V3,21795,V1,5772,4,V4,V2,2,V3,2,V2,1.0
1075,,31,yes,V4,17.0,V7,V1,V1,V3,1442,V3,V2,29112,V1,5825,4,V1,V1,2,V3,4,V3,2.0
1076,,31,yes,V2,29.0,V2,V1,V1,V2,3107,V3,V2,114109,V1,3629,4,V2,V1,1,V2,2,V1,1.0
1077,,44,yes,V3,5.0,V3,V3,V1,V1,2647,V3,V3,43997,V1,7244,3,V2,V1,1,V1,2,V3,2.0
1078,,23,yes,V3,47.0,V1,V2,V4,V4,11589,V1,V2,26577,V1,6384,4,V4,V1,2,V1,2,V2,1.0
1079,,24,yes,V3,47.0,V9,V1,V2,V4,14421,V3,V3,14246,V1,3359,2,V5,V2,1,V2,2,V3,1.0
1080,,24,yes,V4,24.0,V2,V1,V4,V2,3971,V3,V3,84880,V1,5711,4,V2,V2,1,V1,2,V2,1.0
1081,,26,yes,V3,17.0,V3,V1,V4,V4,2404,V3,V3,14366,V1,6542,2,V4,V1,2,V2,2,V2,1.0
1082,,26,yes,V3,20.347666971637693,V7,V5,V4,V1,782,V2,V2,16579,V3,5007,2,V1,V1,1,V2,1,V3,2.0
1083,,26,yes,V3,11.0,V3,V3,V2,V4,1158,V3,V3,59109,V1,5132,1,V2,V2,1,V2,3,V1,1.0
1084,,21,yes,V3,26.0,V7,V1,V4,V1,2569,V3,V3,13446,V1,5729,3,V2,V1,1,V1,3,V2,1.0
1085,,23,yes,V4,15.0,V2,V1,V4,V4,2788,V1,V3,41354,V2,3545,3,V4,V1,2,V2,2,V2,1.0
1086,,26,yes,V4,42.0,V3,V1,V1,V2,4369,V1,V3,73075,V1,6372,2,V3,V2,2,V2,3,V3,2.0
1087,,41,yes,V4,3.0,V3,V1,V4,V1,1544,V3,V2,67441,V1,5300,1,V4,V1,3,V2,2,V3,2.0
1088,,26,yes,V3,14.0,V9,V3,V2,V4,2326,V1,V3,58512,V1,6141,4,V4,V1,1,V2,2,V3,1.0
1089,,54,yes,V1,5.0,V7,V1,V4,V1,672,V3,V1,51490,V1,3539,4,V2,V2,1,V2,1,V2,1.0
1090,,43,yes,V2,17.0,V2,V1,V4,V2,1533,V3,V2,44754,V2,4487,1,V2,V1,1,V2,4,V4,2.0
1091,,25,yes,V3,18.0,V3,V1,V1,V1,1344,V1,V3,30397,V1,7370,3,V2,V1,1,V2,4,V4,1.0
1092,,29,yes,V5,21.0,V7,V1,V1,V4,1601,V3,V3,25331,V1,5841,3,V4,V2,2,V2,4,V4,1.0
1093,,46,yes,V5,24.0,V7,V1,V4,V4,2538,V3,V2,37402,V1,3345,4,V3,V1,2,V2,4,V3,2.0
1094,,22,yes,V2,13.0,V3,V1,V2,V2,2100,V3,V2,14812,V3,6116,4,V2,V1,1,V2,2,V2,1.0
1095,,31,yes,V3,48.0,V3,V1,V1,V4,6758,V3,V3,23786,V1,4200,2,V2,V2,1,V2,3,V2,1.0
1096,,39,yes,V5,22.0,V3,V3,V4,V4,2674,V3,V3,43446,V1,4844,4,V2,V1,1,V2,3,V3,1.0
1097,,23,yes,V3,17.0,V2,V1,V1,V1,2123,V3,V3,18760,V1,4044,4,V4,V1,2,V1,4,V2,1.0
1098,,25,no,V2,5.0,V3,V1,V2,V1,589,V3,V2,35026,V1,5054,3,V2,V1,1,V2,3,V4,1.0
1099,,34,yes,V3,7.0,V3,V1,V2,V1,2576,V3,V3,66466,V3,5034,2,V2,V1,1,V2,2,V3,1.0
